/*
 Navicat Premium Data Transfer

 Source Server         : localhost
 Source Server Type    : MySQL
 Source Server Version : 80041
 Source Host           : localhost:3306
 Source Schema         : pet_adoption

 Target Server Type    : MySQL
 Target Server Version : 80041
 File Encoding         : 65001

 Date: 06/03/2026 12:32:40
*/

SET NAMES utf8mb4;
SET FOREIGN_KEY_CHECKS = 0;

-- ----------------------------
-- Table structure for adoption_agreement
-- ----------------------------
DROP TABLE IF EXISTS `adoption_agreement`;
CREATE TABLE `adoption_agreement`  (
  `id` bigint NOT NULL AUTO_INCREMENT COMMENT '主键ID',
  `agreement_number` varchar(50) CHARACTER SET utf8mb4 COLLATE utf8mb4_0900_ai_ci NOT NULL COMMENT '协议编号',
  `pet_id` bigint NOT NULL COMMENT '宠物ID',
  `adopter_id` bigint NOT NULL COMMENT '领养人ID',
  `organization_id` bigint NOT NULL COMMENT '机构ID',
  `adopter_id_card` varchar(20) CHARACTER SET utf8mb4 COLLATE utf8mb4_0900_ai_ci NULL DEFAULT NULL COMMENT '领养人身份证号（协议留存，user表无此字段）',
  `adopter_address` varchar(255) CHARACTER SET utf8mb4 COLLATE utf8mb4_0900_ai_ci NULL DEFAULT NULL COMMENT '领养人地址（协议留存，user表无此字段）',
  `adoption_fee` decimal(10, 2) NULL DEFAULT 0.00 COMMENT '领养费用',
  `agreement_content` text CHARACTER SET utf8mb4 COLLATE utf8mb4_0900_ai_ci NULL COMMENT '协议内容',
  `status` enum('draft','pending','signed','effective','expired','terminated') CHARACTER SET utf8mb4 COLLATE utf8mb4_0900_ai_ci NULL DEFAULT 'draft' COMMENT '协议状态',
  `sign_date` datetime NULL DEFAULT NULL COMMENT '签署日期',
  `effective_date` datetime NULL DEFAULT NULL COMMENT '生效日期',
  `expiry_date` datetime NULL DEFAULT NULL COMMENT '到期日期',
  `adopter_signature` text CHARACTER SET utf8mb4 COLLATE utf8mb4_0900_ai_ci NULL COMMENT '领养人签名（支持base64图片）',
  `organization_signature` text CHARACTER SET utf8mb4 COLLATE utf8mb4_0900_ai_ci NULL COMMENT '机构签名（支持base64图片）',
  `admin_signature` text CHARACTER SET utf8mb4 COLLATE utf8mb4_0900_ai_ci NULL COMMENT '管理员签名（支持base64图片）',
  `create_time` datetime NULL DEFAULT CURRENT_TIMESTAMP COMMENT '创建时间',
  `update_time` datetime NULL DEFAULT CURRENT_TIMESTAMP ON UPDATE CURRENT_TIMESTAMP COMMENT '更新时间',
  PRIMARY KEY (`id`) USING BTREE,
  UNIQUE INDEX `agreement_number`(`agreement_number` ASC) USING BTREE,
  INDEX `idx_pet_id`(`pet_id` ASC) USING BTREE,
  INDEX `idx_adopter_id`(`adopter_id` ASC) USING BTREE,
  INDEX `idx_organization_id`(`organization_id` ASC) USING BTREE,
  INDEX `idx_status`(`status` ASC) USING BTREE,
  INDEX `idx_adopter_status`(`adopter_id` ASC, `status` ASC) USING BTREE,
  INDEX `idx_organization_status`(`organization_id` ASC, `status` ASC) USING BTREE,
  INDEX `idx_status_effective`(`status` ASC, `effective_date` ASC) USING BTREE,
  INDEX `idx_expiry_date`(`expiry_date` ASC) USING BTREE,
  INDEX `idx_agr_status_create`(`status` ASC, `create_time` DESC) USING BTREE,
  CONSTRAINT `fk_agreement_adopter` FOREIGN KEY (`adopter_id`) REFERENCES `user` (`id`) ON DELETE RESTRICT ON UPDATE RESTRICT,
  CONSTRAINT `fk_agreement_organization` FOREIGN KEY (`organization_id`) REFERENCES `user` (`id`) ON DELETE RESTRICT ON UPDATE RESTRICT,
  CONSTRAINT `fk_agreement_pet` FOREIGN KEY (`pet_id`) REFERENCES `pet` (`id`) ON DELETE RESTRICT ON UPDATE RESTRICT
) ENGINE = InnoDB AUTO_INCREMENT = 15 CHARACTER SET = utf8mb4 COLLATE = utf8mb4_0900_ai_ci COMMENT = '领养协议表' ROW_FORMAT = DYNAMIC;

-- ----------------------------
-- Records of adoption_agreement
-- ----------------------------
INSERT INTO `adoption_agreement` VALUES (15, 'AD20260302175137919', 2, 9, 5, NULL, '郑州市管城回族区金岱街道', 150.00, '宠物领养协议\n\n协议编号：AD20260302175137919\n\n甲方（领养人）：烟雨\n联系电话：13700000001\n联系邮箱：u01@example.com\n联系地址：郑州市管城回族区金岱街道\n\n乙方（领养机构）：暖心驿站流浪动物中心\n机构联系人：13900000002\n机构地址：郑州市中原区B路2号\n\n丙方（被领养宠物）：\n宠物名称：雪球\n宠物品种：英短\n宠物年龄：12个月\n宠物性别：母\n\n鉴于：\n1. 甲方具有完全民事行为能力，愿意承担宠物饲养责任；\n2. 乙方是合法的宠物领养机构，有权进行宠物领养活动；\n3. 丙方为乙方合法拥有的宠物，健康状况良好；\n4. 甲乙双方就宠物领养事宜达成一致意见。\n\n经甲乙双方平等协商，根据《中华人民共和国合同法》等相关法律法规，就宠物领养事宜达成如下协议：\n\n第一条 领养条件与资格\n1. 甲方必须具备完全民事行为能力，年满18周岁，能够独立承担民事责任。\n2. 甲方必须提供真实有效的联系方式及居住地址。\n3. 甲方必须承诺为宠物提供适宜的居住环境、充足的生活空间和良好的生活条件。\n4. 甲方必须承诺具备足够的经济能力，能够承担宠物的日常饲养、医疗等费用。\n5. 甲方必须承诺遵守相关法律法规，不得将宠物用于非法用途。\n\n第二条 领养费用及支付方式\n1. 本次领养费用为人民币150.00元（大写：一百五十元整）。\n2. 甲方应在协议签署时一次性支付全部领养费用给乙方。\n3. 领养费用包括但不限于：宠物的基本费用、健康检查费用、疫苗接种费用等。\n4. 如甲方未按时支付领养费用，乙方有权解除本协议。\n\n第三条 双方权利和义务\n（一）甲方权利：\n1. 获得宠物的所有权，享有对宠物的合法占有、使用、收益和处分的权利。\n2. 享受宠物带来的陪伴、快乐和情感慰藉。\n3. 在协议有效期内，有权要求乙方提供必要的咨询和指导服务。\n\n（二）甲方义务：\n1. 为宠物提供充足、营养均衡的食物和清洁的饮用水。\n2. 为宠物提供安全、卫生、舒适的居住环境，确保宠物有足够的活动空间。\n3. 定期为宠物进行健康检查，及时接种疫苗，预防疾病。\n4. 如宠物生病或受伤，应及时送医治疗，不得延误。\n5. 为宠物办理相关证件（如需要），遵守当地宠物管理法规。\n6. 不得虐待、遗弃、转让或出售宠物，不得将宠物用于商业用途。\n7. 如因特殊原因无法继续饲养宠物，应提前通知乙方，并协助乙方妥善安置宠物。\n8. 配合乙方进行定期回访，如实提供宠物的生活状况信息。\n\n（三）乙方义务：\n1. 确保宠物在交付时健康状况良好，已完成必要的健康检查和疫苗接种。\n2. 提供宠物的基本信息，包括品种、年龄、性别、健康状况、饲养注意事项等。\n3. 在协议有效期内，为甲方提供必要的咨询和指导服务。\n4. 协助甲方解决宠物饲养过程中遇到的问题。\n5. 如发现甲方违反协议约定，有权要求甲方改正或收回宠物。\n\n第四条 宠物交付与验收\n1. 乙方应在协议签署后7个工作日内将宠物交付给甲方。\n2. 甲方应在接收宠物时进行验收，确认宠物的健康状况与协议约定一致。\n3. 如甲方发现宠物存在健康问题，应在接收后3日内通知乙方，双方协商解决。\n4. 宠物交付后，甲方应妥善保管，如因甲方原因导致宠物丢失或死亡，甲方应承担相应责任。\n\n第五条 违约责任\n1. 甲方如违反本协议约定，包括但不限于虐待、遗弃、转让宠物等行为，乙方有权立即收回宠物，已支付的领养费用不予退还。\n2. 甲方如因自身原因无法继续饲养宠物，应提前30日通知乙方，并协助乙方妥善安置宠物。如甲方擅自遗弃宠物，应承担相应的法律责任。\n3. 乙方如违反本协议约定，包括但不限于提供虚假信息、交付不健康的宠物等，应退还领养费用，并承担相应的赔偿责任。\n4. 任何一方违反本协议约定，给对方造成损失的，应承担相应的赔偿责任。\n\n第六条 协议期限与生效\n1. 本协议自双方签署之日起生效。\n2. 本协议有效期为1年，自2026年03月03日起至2027年03月03日止。\n3. 协议期满后，如双方无异议，本协议自动续期一年，续期次数不限。\n4. 在协议有效期内，任何一方不得单方面解除协议，除非对方严重违反协议约定。\n\n第七条 回访与监督\n1. 乙方有权在协议有效期内对甲方进行定期回访，了解宠物的生活状况。\n2. 甲方应积极配合乙方的回访工作，如实提供相关信息。\n3. 回访频率为：协议生效后第1个月、第3个月、第6个月、第12个月各一次，之后每年一次。\n4. 如甲方拒绝配合回访或提供虚假信息，乙方有权要求甲方改正或收回宠物。\n\n第八条 争议解决\n1. 本协议履行过程中如发生争议，双方应首先通过友好协商解决。\n2. 如协商不成，任何一方均可向乙方所在地人民法院提起诉讼。\n3. 本协议的签订、履行、解释及争议解决均适用中华人民共和国法律法规。\n\n第九条 其他约定\n1. 本协议一式三份，甲乙双方各执一份，管理机构备案一份，具有同等法律效力。\n2. 本协议未尽事宜，双方可另行签订补充协议，补充协议与本协议具有同等法律效力。\n3. 本协议自双方签字或盖章之日起生效。\n4. 本协议的任何修改、补充均需双方书面同意。\n\n本协议签署后生效。', 'terminated', '2026-03-02 17:54:32', '2026-03-03 17:51:37', '2027-03-03 17:51:37', 'data:image/png;base64,iVBORw0KGgoAAAANSUhEUgAAAyAAAADICAYAAAAQj4UaAAAQAElEQVR4AezdCYzUZ/3H8e/Qf6FLuKSUo0BZ5EwpqW0whKpVGtGWJaZEEIFSqkHa1KO2SZumSg8UsShGacUIGlOI1WKi0ITDZCUF7KEIWIssN8gNiyxU7hb49/O4zzoMO8vM7Mz8rnfj87uP53k9azJfnuPX4hL/IYAAAggggAACCCCAAAJlEmhh/IcAAgEJ8FoEEEAAAQQQQCB5AgQgyatzSowAAggggAACCCCAQGACBCCB0fNiBBBAAAEEEEAgeQKUGAECEP4GEEAgJ4HOnTubUk4XcxECCCCAAAIIIJBFgAAkC0zpD/MGBKIlUFtba0rRyjW5RQABBBBAAIGwCRCAhK1GyA8CCJRegDcggAACCCCAQGACBCCB0fNiBBBAAAEEkidAiRFAAAECEP4GEEAAAQQQQAABBBCIv0BoSkgAEpqqICMIIIAAAggggAACCMRfgAAk/nVMCTMF2EcAAQQQQAABBBAITIAAJDB6XowAAggkT4ASI4AAAgggQADC3wACCCCAAAIIIBB/AUqIQGgECEBCUxVkBAEEEEAAAQQQQACB+AskLwCJf51SQgQQQAABBBBAAAEEQitAABLaqiFjCMRPgBIhgAACCCCAAAIEIPwNIIAAAgggEH8BSogAAgiERoAAJDRVQUYQQAABBBBAAAEE4idAiTIFCEAyRdhHAIErBNavX++OXXPNNW7NAgEEEEAAAQQQKFSAAKRQOe7LW4AboiuwaNEil/n777/frVnEW6CqqsoqKiqsc+fO8S4opUMAAQQQCESgRSBv5aUIIBApgRdffNHld/z48W7NInICeWV48+bNdvbsWautrc3rPi5GAAEEEEAgFwECkFyUuAaBhAucOnXKCdx1111uzSLeAjU1NfEuIKVDoKwCvAwBBDIFCEAyRdhHAIGsAowByUoTqxMtW7aMVXkoDAIIIIBAuATKFoCEq9jkBgEEEEAAAQQQQAABBIIQIAAJQp13IlBeAd6GAAIIIIAAAgiERoAAJDRVQUYQQACB8Ahce+21LjPV1dVuzaJQAe5DAAEEEMgUIADJFGEfAQQuE/A/QP0P0stOshNbgTlz5riyjRs3zq1ZIIAAApETIMOhFSAACW3VkDEEwiHgf4D6H6ThyBW5KLXAlClT3CuOHTvm1iwQQAABBBAolgABSLEkw/sccoZAswT8D1D/g7RZD+PmyAj83//9X2TySkYRQAABBKIlQAASrfoitwgUXUBfvVa62oP5QXo1ocbOR/uY73bnu+FFuzTkHgEEEEAgLAIEIGGpCfKRaAEFAErlRnjrrbds2bJlLjX27vXr17vDQX//QzZKLjMsyibgu935bnhlezEvQqAYAjwDAQRCK0AAEtqqIWNJEvBBQM+ePU2poqLClLStpG0lbStpW0nbPmlfye9nW+saJbVoDBs2zDGnUin33sx7hg4d6s63atXqivN6hpLu0donBStKfj/buqlr0s9p2/u4zLAom4Dvdue74ZXtxbwIAQQQQCDSAlfLPAHI1YQ4j0AZBHxXl3379pnS2bNnTUnbStpW0raStpW07ZP2lfx+trWuUbpw4UJDyS5duuTem3nP+++/7645ffr0Fef1DCXdo7VPFy9eNCW/n23d1DXp57StTHgjbZPKI6AgtTxv4i0IIIAAAkkSIABJUm1T1jIL5P46/Qvzzp07be/evS5pWynXfV2n65W0nZkWLlxoHTt2tJYtW1rXrl1d64pypx/1mdem7+sapd27d7t8pZ/Tu5R0TGuftmzZYkp+P9u6qWvSz2lbSUbKCwkBBBBAAAEEoi1AABLt+iP3MRFo06aN9e7d23r06OGStpVy3dd1ul5J2+nptttus0mTJpl+wJ8/f94OHTpkZ86cMQUf27dvd+9Lvz592/P26tXriut6f5BfJV2vtU/9+/c3Jb+fbd3UNenntK0kI58f1ghcVYALEEAAAQRCK0AAEtqqIWMINE/g5MmTtmDBAjt69Kh70PTp000Bh1osampq7MiRI3bTTTe5cywQQAABBBAolgDPQeBqAgQgVxPiPAIRE9CYicrKSmvXrp1NnjzZ5V6DyKdNm2Z9+vRxLRkDBw60Dh06uHMsEEAAAQQQQACBcgoQgJRMmwcjUH6BFStWWJcuXexf//qXpVIp+/KXv2xLly61urq6vDPjB6DnfSM3IIAAAggggAACTQgQgDSBwykEoiKgVo8bbrjB7rnnHtflqkWLFrZ27Vr75S9/aSNHjmwYdJ5PeTTuQ9frWRp/obEekQlKlHFSbAT0d3fffffZww8/HJsyURAEEEAgyQIEIEmufcoeCwEFHwoyNNZDwcKTTz5pmrXq9ttvL7h8mpb3wIED7n4FHqdOnbL9+/ebghJ9vNCdYIFAGQT096axSr/+9a9t1apVZXgjr2iuAPcjgAACVxMgALmaEOcRCLGAptTV1Lp//OMf3YDyNWvW2MyZM91HA5uT7VQq1XD7tm3bbN26dW7WLAUl+nihfhA2XMAGAiUS6N69u+nv7eDBg6ZxTNXV1SV6E49FAAEEYiEQmUIQgESmqsgoApcL6MfY4cOHTR8U1Afjli9fbnfcccflFxVhTwGOWlP27Nljzz77rF1zzTXumyB6fxEezyMQaFRAf18KePX39vTTT5v+/rp169botRxEAAEEEIiWAAFItOqL3OYiENNr1NWqc+fObjxHz549bdSoUa6k+nGmLlc333yz2y/VQq0tzzzzjM2ZM8e94u6773Yzaql/vjvAAoFmCuhvSa0ebdu2bfj71t/bc889Z/rbb+bjuR0BBBBAICQCBCAhqQiygUBTAgo+FHDU1tba2bNnbd++fXbu3DnXLUrT6+pHW1P353tOPwSz3TN16lT3XrW8aFxIZWVltks5nkCBQousv7kxY8aYWj30DRv/962/t0KfyX0IIIAAAuEUIAAJZ72QKwQaBPzUuupipR/7K1eudF2gtm7dart27TJ1v2q4uEgbGmyuR1177bVaXZb0Pr339ddfd8cVhOjHo9thgUABAn6g+ZIlS6xv3762fv16K+XfdwFZ5BYEoiBAHhGIjAABSGSqiowmUSBzat1XX33Vhg8f7ro+9evXz4rd8iHj9Bmwtm/frkNXJL1Xg4N9gDJgwAAjCLmCqdEDVVVVptToyYQdVOChcR36W/IDzVevXm233XablervO2HEFBcBBBAIpUD8ApBQMpMpBPITUH/3iooK900P3fnUU0+5qXUHDx6s3ZKmVOp/M2A1NdtVKpUyzZClQeo7d+40gpDcqmXZsmWmpDrO7Y74XaVgVa1sCjwOHTrkJjbQWCYGmsevrikRAggg0JgAAUhjKhxDIGABP9ZD2VCXpxkzZjR7al09K5ekH4e5XKdr9CPynXfeMR+EqItYPvfrGUlLvtVIdZxEK5VZYz0UbGiGKwXXGvfBQPOk/T+B8iKAQJIFCECSXPuUPfQCalmoq6sraz4VVOiF/oeytptK/fv3t40bN7qxKBoPou+QNHV90s8dO3bM/Yu/HJJipaBD3fY0u1X79u1NYz0+/OEPuxY0BddJbg3S30GREo9BAAEEIiNAABKZqiKjSRLQjzOl3r17W5s2bcpW9FzGfzSWGfXX/8UvfuFOTZ8+3TZt2uS2WVwpoPpcsGCBO5EEKwUfavFQK4dmtzp9+rSbRe3Pf/6z6e/bQbBAAAEEIi1A5vMVIADJV4zrESiDQE1NjSmV4VWXvSKVym38x2U31e9MnjzZRo8e7QajaxCxxrDwL9v1OBmrCRMmNFjp45EajJ1xSeR3Vff6G/AtHn52K/1dHzlyxDT4PPKFpAAIIIAAAgUJEIAUxMZNjQlwrHgCGlOhVLwnludJ8+bNc92Lzp8/775XonEO5Xlz9N7irU6cOGEajK0uStErReM5VvChutc3a3yLh5/dauDAgdahQ4fGb+QoAggggEAiBAhAElHNFBKB8gh06tTJNA5k3bp1DS/Uv4LrB2nDATacgKz0Bfsnn3zS7auLkroruZ38F6G4Q/WsgeUKPpQhTaBAi4ckSAgggAAC6QIEIOkabCOAQLMFunTpYrfffrvr56+H6V/B/Q9S7ZP+J9CjRw/73ve+12BVWVn5v5NF2vJBgdZFemSjj1HwpHq+ePGiO6/gQxMo0OLhOFjEWoDCIYBAvgIEIPmKcT0CCOQkoNmeNIuXviXCYOPsZKlUyvwHH9V6lP3K3M4o0FArhE8+KNA6tyfkd5V/33XXXedu1OxpW7ZsMQUfGnDvDrJAAAEEEEAgTaBoAUjaM9lEAAEE3OxdCjz0scLNmzcj0oSAgjR/Wi0JfjuftQayKxhQoKFWCJ/yeUa+16a/78KFC64lR8GUpmYm+MhXk+sRQACB5AgQgCSnrilpfAVCXTINplcKdSYDzpymP1bLgbIxYMAAN5OYtq+WFACopUPdnTSQXcGH7tG+WiF80rFCk56vezds2KDVZSn9ff/4xz9Ms1ulB1OXXcwOAggggAAC9QIEIPUQrBBAAIGgBFKplPsonwI1dVvr06dPTllRAKCWDrU+KFDQd0Xeeecd1/1JrRBK+p5MTg/LctGkSZPcmUWLFrl1YwvlY/DgwZbM2a0aE+EYAggggEBTAgQgTelwDgEEECiTQK9evWzjxo2uG9OePXusuro65zevXbvWjh49atOmTbNbbrnFdX/TzerOpY8Aatu3sGg7nzRu3Dh3+QsvvODWfpHeanPrrbf6w6wRQACB8gnwpsgKEIBEturIOAIIxE2gX79+9qMf/cgVa/z48W7d1EKtG0pDhgy5ovVBwYeet2TJEtNHAHfs2NHUo7KeGzFihDt36tQpt/aLVOq/g+fVapNvwOSfwRoBBBBAIJkCBCDRr3dKgAACMRJ46KGHXCuIWjSu1gqib2woZRZfwYdaPvSdEQUI+ghgz549My/LaV9du7JdqPEes2fPdqd9S4nbYYEAAggggEATAgQgTeBwCgEEEGhaoPhnNYD8+eefdw+eOHFikwPSFVwouYvrFwo+1J1LLR8aS6IZyLp161Z/tvgrBUx6qqZd1ru1TUIAAQQQQKApAQKQpnQ4hwACCAQg8LWvfc0UWGhWqfbt21tVVVXOufjud79rBw4ccK0oa9asMU2FnPPNBVyoFhI/vmTs2LFNBkwFPJ5bEMguwBkEEIisAAFIZKuOjCOAQFwF9IP+b3/7mwsiTp8+bWrFyKWsf//7323GjBnu0pdeeslK2fLhXvLBIpVKmcaXqLVl8eLFVllZ+cFR/ocAAgggEGeB5paNAKS5gtyPAAIIlEBA09oePHjQtm7dao2N88h8pT5E+KlPfcq1QHzhC1+wXAaxZz6j0H2NL1Fri+7fv3+/y4O2SQgggAACCDQmQADSmArHEMhJIJ4XaVYlpXiWLlqluv76600zWak7VlM579q1q+lDhCdOnDCNIZk7d25Tl5fknPKglhs9nK5YUiAhgAACCGQTIADJJsNxBEIu5R0l1gAAEABJREFUoHEBFRUVli2pb362c00d1/gBzZ7kr9FzUqmUpVIpa9Gihenr28Z/oRH4xje+YYcPHzbV0+OPP267du0yBS7lzmAqVeauWOUuIO9DAAEEECiaAAFI0Sh5EALlFdC4gLNnz1q2dPHixaznst3jj6ffq21fMn187vjx436XdcACaunwHwhctmyZzZo1y3r06BFYrjK7YgWWEV6MAAIlFeDhCDRXgACkuYLcj0BAAhoXsHPnTsuWtmzZkvVctnv8cd27bdu2hh+z6lrz+9//3t544w3TdKsBFZnXpgn86U9/sq9+9avuyLx58+wzn/mM2w56kT7wnWl5g64N3o8AAgiEU4AApOB64UYEghXQuABNsZot9e/f303Bmu18U8cVZNx55522b98+Nx2sWltGjx7txhm0adMm2ILzdtNA7y996UtO4rHHHrOvfOUrbjsMC7WSKWBVXhgLIgUSAggggECmAAFIpgj7CCRU4OTJk/byyy+7qVs1oFkzMCnIUUtL6AalJ7SOVGy1KgwZMsT27t1rI0eOtNmzZ+twaFIqlXItbwpwFy9ebPfeey+zYoWmdsgIAgggEA4BApBw1AO5QCBQAf1YbNeunenL24cOHXIzKT399NPuRy7BR6BVc9nLFXx8/vOfN9WRWhl+9atfXXY+LDsah/Lmm29a3759benSpaZvhIQlb+Sj+QI8AQEEEGiuAAFIcwW5H4GIC+j7EZr1Sl1npkyZYq+88oob5/Hcc88x41WI6lbBh1oTXn31VevVq5dt2LAh1PXTpUsXW716tevCt2fPHquurg6RJllBAAEEIikQm0wTgMSmKikIArkLaCpdTbPbunVrN65Dd6q71fz5800fsWvbtq0OkUIioCDxpptucq0J+i7IX/7yFxs0aFBIcpc9GxqQ7ruIqXVNQVT2qzmDAAIIIJAUAQKQpNR0nMpJWQoW8IFHbW2tm6L3zJkz7vsR06dPN435KPjB3Fgyge7du7sgUfXTqlUrW7Vqlal1oWQvLPKDH3zwQdcKcuTIEWNQepFxeRwCCCAQUQECkIhWHNlGoBABH3joXn0xW914jh49atOmTbOOHTvqMClgAbUSKOhQK9TQoUNNH4bURwY1JkddmdSqEGQW8323xqqsW7fOjQPRoHTNzqYy5vscrkcAAQQQiI8AAUh86pKSIJBVQC0f+hHrL9D3Purq6uwjH/mIdejQwR8OdF1VVWVKgWYi4Jfrh7m6WCno0Kxkb7/9tsvRnDlz7LkIj8m55ZZbGsaD7Nq1y/TBQlcwFgggkI8A1yIQGwECkNhUJQVBILuAWj4uXrzoLlDLh2a9Csv3PBQcaTzKsmXLTMllMqELDS7XhADqajV37lw7d+6caezH1KlTIy9y44032saNG12XP83ipda3yBeKAiCAAAIIFCQQvQCkoGJyEwIISEDdrNTyoe0gkgZTK+DQ4HcFHWqVUXB09uxZlx1113EbCVy89957rruVir5p0yb79re/rU3XPU5Bo9uJ+EKtOxMmTHClWLRokVuzQAABBBBIngABSPLqnBInUMD/gNUXzpvT8lEonQIPjV0YNmyYKeDQ4HcFHemtMuoWpvwV+o6o31dZWemKoNnI9O0Vb/HAAw+443FZ+ABE3cq2b98el2JRDgQQQACBPAQIQPLA4lIEoiqQ3uqhVge1Pvikwc6dOnUqStEUaPgWDvXz1zsU/CjwULcbvVszbm3evNl9LXvLli2mpPyFqVtYUTByfIi85KJxH7pF9SE3bSvJT+u4pBEjRrgPXZ4+fdo0NuQHP/iB+UA0LmUsUTl4LAIIIBAbAQKQ2FQlBUEgu4BaPXz3Jv3YU+uDTxrs/O9//9t92C77E7Kf8UGHfigr0PAtHPv27XNT/V64cMH1+3/qqadcFyPNuDVgwABTwKEZkZSUv+xviPcZealOVErVkepCdeP3tY5TUrC1du1au/vuu90YlyeeeMI0PiROZaQsCCAQNwHKU2wBApBii/I8BEIqoC49am1QUncnn8aNG+dynGuffP1gXrp0qX3nO99xPxx90OEDDd/CsXfvXtfKoR+bmup3xowZpn/tdy9j4QQ065Xb+GChelEdfbDp/qf6Sd93B2Oy0Oxry5cvt4ULF7oSHT582OiO5ShYIIAAAokQIABJRDUXp5A8JdoCamVQa4OSWh988mMMfvjDH7rpUTUD04c+9CF7/PHH7ZVXXnFJ2z169DCdUxAxatQo03cp9HE8/Yu2go7XX3/dFGj4Fg5dr3cMGTIkNFP9hqkGFXxoULbypHEfqhfNEqV9JdmpzrQd13Tfffe57lgqH92xpEBCAAEEkiFAAJKMeqaUCGQV8H3y9YNY3abOnz9vx48fNwUkX/ziF01J2/v37zed++QnP+mCE7WYqPvVu+++62ZquuOOOwg0sipfeSJ9yt2amhrTvlqTdKUCEq3TUmw3d+zYcVl3LA3G199ibAtMwRBAAAEEjACEPwIEEiyg7lQrVqywRx55JOfg4bXXXrNZs2bZ2LFjbejQoaYpdRNMWFDRL1265MbD6GZNufuJT3zC9uzZ48bKqDVJLUs6l4Sk75yoO9aCBQusRYsWpq57+tsiCElC7UeljOQTAQSKLUAAUmxRnodAiQT0o/Xtt9+2H//4x9alSxe77rrrXJcpzTblk2ZPUvL7WmtfSds+tW/f3nTMd6eaPXu2a/VQ1u+88073DQq1cGhmJrVw/PWvfzX+K55AKpVqeJjqRM46sHXrVteapO+1aL+QVFVVZUqF3BvkPZMmTbL169ebpiBevHixqUsaQUiQNcK7EUAAgdIJ5ByAlC4LPBmBZApo9qmXX37ZDcxWMOCTfpCmb2u/Xbt2bvyFBu8++uijduTIETeDkLpMpSfNnqR0tWMKKtSdavjw4Zd1p9K9q1atcgPM9a/Q+naHpoX96Ec/msxKKlGpq6ur3ZM165W6HGlH2/rxre3mpGXLlplSc54R1L233nqrrVmzxtQFbdeuXa6VjSAkqNrgvQgggEDpBAhASmfLkxG4QkDdnW644QY38FZBxcSJE92H+fTD3ycFD+nb+/bts//85z+mWabuvfde1wKimaXUZUfdVdKTZk5SutoxndfHAFeuXHlZdyoNMr8i0xkH1GqScYjdPAS6du1qn/3sZ90dP/nJTxq6YhV7Fqio/nDXlLz//Oc/rU+fPqaWEB+gOTAWCCCAAAKxECAAiUU1UoiwC+g7Dwo87rnnHjdTlIKJVCplU6ZMMU1pu3v3bjdlrQ8etFZSoKCk2ZEUhPzhD39w4zU0s5RaRjTTVHrSzElKVzum8/pX5nzc9J0PXa9xI1qT8hdQy4emnNXfg+5+7LHHtHJJYyHcRjMW6qanlhQ9Iso/3Pv27etaQlQOTX6gdXCJNyOAAAIIFFuAAKTYojwPgUYERo4c6QIPDbJ95pln7I033jDNNDV//nzTOc2ApMBBScGB1kraVho0aFDgg73r6uoaKRmH8hFQtzZdr2+iaK2WLq19cKft5qRUKtXwPY2o/3BX9z9voS6JtLx5DdYIJEiAosZWgAAktlVLwcIi8N5775kGF+tfuNW//dlnnzVNt6qxFWHJYy75iPs3KXIxaM41GmCtoFPBxhNPPNHwKLV0FTO4099Zw8MjvuFbcxSo0fIW8cok+wgggECaAAFIGkZIN8lWxAX0I0rfy9C4DX0rI+LFIfsFCmhWMd2qACQ9+FRLV7GDO30cUu/asGGDVpFNx44dc10TfQGiOq7F5581AggggMB/BQhA/uvAEoGSCqj7iFJJX8LDSyBQnEfqh/PPfvYz9zD9a76SdhSMaF3spClt9Uwf9Gg7ikmBmcayKIhX/rWtNQkBBBBAINoCBCDRrj9yjwACIRdQ8DFmzBjT1MfpAUexu16lM4wbN87tvvDCC24d5UUqdfm4FnlGuTzkPQ8BLkUAgdgKEIDEtmopGAIIBC2grncak7FkyRJTtyj/41kzkJWi65Uv74gRI9zmqVOn3DrqC8345ltBBgwYYN4x6uUi/wgggEBYBUqdLwKQUgvzfAQQSKSAvmehyQYOHjzoPiKpqZcFMX36dNMxbZcqKdjxz47Dj/VUKmXbtm1zHyhUyxFdsXztskYAAQSiKUAAEs16I9dlEeAlCBQu4IOMfv362fXXX9/woGnTplnHjh0b9kuxkf49ELUelOId5X6mpqrW93D0Xk0xXFVVpU0SAggggEAEBQhAIlhpZBmBIAQ0jazem/6v69onNS2glo8DBw64i9LHgLgDJVqkUv8dN6H3HTp0yJozG1ZgLSiN2CiYU5l0avPmzVqREEAAAQQiKEAAEsFKI8sIBCHgZ1S6//77g3h9pN6Z/qO9pqbG9u7d66aTLeb3Pq4GorEn48ePd5f5unM7eSxUDg2g1y1+DIa2g0wyVDcsuQaZD96NQJwFKBsCpRYgACm1MM9HICYCP/3pT11J/I9at8OiUYEHHnjAHddgc6UePXpYKQedu5c1spgwYYI7WuhsWMq3BtD37dvXduzY4Z4V9EJT88pSrkHnhfcjgAACCBQmQACS1Y0TCCDgBaqrq+3kyZOm7i933XWXP8y6EQGNv1CXJ83WpIHTjVxStkPNmQ1r3bp1dvjwYVfnq1evtriMJSkbPi9CAAEEEMgqQACSlYYTCCDgBfx3Jb7//e+76WT98ZKtI/zgVCplmn5XY2bUDSrIojRnvM7vfvc7l/WJEydat27d3DYLBBBAAAEEiiFAAFIMRZ6BQMwFjh075kr4yCOPuDWLpgXatm1rrVu3bvqikJ998cUXXQ4VgLgNFokRoKAIIIBAqQUIQEotzPMRiLiAul+pCBqErC5Y2ibFX8B/xJAud/Gva0qIAAKhEUhMRghAElPVFBSBwgTGjh3rbpwzZ45bs4iWgO+GVei0tf7+aJWa3CKAAAIIhFmAACTMtZPUvFHu0AhoHMPx48fdQOQpU6aEJl9kJHeB0aNHu4tfe+01t2aBAAIIIIBA0AIEIEHXAO9HIMQC/vsRGoRO96sQV1QTWfNdqHINQJp4FKcQQAABBBAoigABSFEYeQgC8RTw3/6YPHlyPAuYgFINHz7clXLx4sVuncuic+fOuVzGNQggUFwBnoZAYgQIQBJT1RQUgfwENPicb3/kZxbGqwcOHGj6aN+5c+fszTffzCmLtbW17jpNPOA2WCCAAAIIIFBEgfAFIEUsHI9CAIHCBN5//33z06/y7Y/CDMN018MPP+yy8/Of/9ytc1346ZdzvZ7rEEAAAQQQyEWAACQXJa5BICECKqaCjzFjxtiRI0fcv5zz7Q+pRDt985vftFQqZb/97W/txIkTORemTZs2OV/LhQgggAACCOQqQACSqxTXIZAQgV69etmSJUusb9++plmwGHwe/YpXnX760582dcNauHBh9AsUzxJQKgQQQCAxAgQgialqCorA1QUuXbpkBw4ccBeuXr3aBg0a5LZZRF/gwcftNHkAAAneSURBVAcfdIX41re+ZWrlcjssEEAAAQTMDIRyCxCAlFuc9yEQUgENOP/Nb37TkLtu3bo1bLMRfYHPfe5zpo8KvvvuuzZz5szoF4gSIIAAAghEVoAAJLJVV/yM88TkCvTu3dvatWvXMPC8VatWycWIack1o9XcuXNd6aZPn26bNm1y25kLWkcyRdhHAAEEECi2AAFIsUV5HgIRFNi9e7ep+5W+dr506VKrq6uLYCkineWyZH7q1Kk2evRo1wXrYx/72BXvVPChCQh0QgGL1iQEEEAAAQSKLUAAUmxRnodAhAXmz59vI0eOtIqKigiXgqw3JTBv3jx3+vjx426dvtBgdT8BwY4dO9JPsY1AjAUoGgIIlFuAAKTc4rwPgZAJ6IODyhL/4i2F+KdOnTo1Wki1gKVPQNCzZ89Gr+MgAggggAACzRVoCECa+yDuRwCBaAqMGzfOZXzOnDluzSKZAqlUqqHgTEDQQMEGAggggEAJBAhASoDKIxHIUyDQy48dO+ber/EfboMFAggggAACCCBQQgECkBLi8mgEwi6gQcc+j3xw0EuwTpYApUUAAQQQKLcAAUi5xXkfAiUUqKqqstatW1suXWgUfDDjUQkrI2KPfuuttyKWY7KLAAKRF6AAiRUgAEls1VPwOAps3rzZzpw5Y4cOHTI/uDxbOZnxKJtMco4rCFVpb7zxRhs2bJg2rWXLlm7NAgEEEEAAgVIJEICUSjb353IlAkUTqKmpsVmzZrnnjR8/3q0bWzDjUWMqyTnmu9vNnDnTFfrgwYNurQ8U+m13gAUCCCCAAAIlECAAKQEqj0QgKAH96/Wjjz5qmlL36NGjWVtBLly40JDFXLprNVwcu41kFuill15yBVfAsWnTJretxbRp06xjx47aJCGAAAIIIFAyAQKQktHyYASCEdC/bj///PPu5Zpi9+LFi27bL9TthrEfXiOZ6wkTJjR8EX3w4MHJRKDUwQuQAwQQSKwAAUhiq56Cx1ngoYcecq0gmmJ31KhRlh6EMPYjzjWfe9nmzZtn11xzTcPfhgLX3O/mSgQQQACBKAsEnXcCkKBrgPcjUAKBiooKW7lypVVWVtry5ctNg4z1GsZ+SIEkgU6dOtn+/ftNs19t2bLF6urqdJiEAAIIIIBAyQUIQEpOzAvCKxDvnH384x+3pUuXupaQw4cP24oVKyyVSjUUmrEfDRSJ3ejSpYsNHTrU+vfvb23atEmsAwVHAAEEECivAAFIeb15GwJlFbj55pvNjwfRN0I6d+5c1vfzMgSyCnACAQQQQCCxAgQgia16Cp4Uga9//euuFUTjQGpra5NSbMqJAAIIIJBFgMMIBC1AABJ0DfB+BEosoMHFu3btMq39qzRNr99mjQACCCCAAAIIlFMgwQFIOZl5FwLBCnTv3t0NMtZgYyXNjhVsjng7AggggAACCCRVgAAkqTVPuRMnoEHGGmyspO1AAXg5AggggAACCCRWgAAksVVPwRFAAAEEkihAmRFAAIGgBQhAgq4B3o8AAggggAACCCCQBAHKWC9AAFIPwQoBBBBAAAEEEEAAAQRKL0AAUnpj3pApwD4CCCCAAAIIIIBAYgUIQBJb9RQcAQSSKECZEUAAAQQQCFqAACToGuD9CCCAAAIIIJAEAcqIAAL1AgQg9RCsEEAAAQQQQAABBBBAoPQC5Q9ASl8m3oAAAggggAACCCCAAAIhFSAACWnFkC0ESiHAMxFAAAEEEEAAgaAFCECCrgHejwACCCCQBAHKiAACCCBQL0AAUg/BCgEEEEAAAQQQQCCOApQpbAIEIGGrEfKDAAIIIIAAAggggECMBQhAYly5mUVjHwEEEEAAAQQQQACBoAUIQIKuAd6PAAJJEKCMCCCAAAIIIFAvQABSD8EKAQQQQAABBOIoQJkQQCBsAgQgYasR8oMAAggggAACCCCAQBwEspSBACQLDIcRQAABBBBAAAEEEECg+AIEIMU35YkIZAqwjwACCCCAAAIIIFAvQABSD8EKAQQQQCCOApQJAQQQQCBsAgQgYasR8oMAAggggAACCMRBgDIgkEWAACQLDIcRQAABBBBAAAEEEECg+AIEIMU3zXwi+wgggAACCCCAAAIIIFAvQABSD8EKAQTiKECZEEAAAQQQQCBsAgQgYasR8oMAAggggEAcBCgDAgggkEWAACQLDIcRQAABBBBAAAEEEIiiQNjzTAAS9hoifwgggAACCCCAAAIIxEiAACRGlUlRMgXYRwABBBBAAAEEEAibAAFI2GqE/CCAAAJxEKAMCCCAAAIIZBEgAMkCw2EEEEAAAQQQQCCKAuQZgbALEICEvYbIHwIIIIAAAggggAACMRKIcQASo1qiKAgggAACCCCAAAIIxESAACQmFUkxEAiVAJlBAAEEEEAAAQSyCBCAZIHhMAIIIIAAAlEUIM8IIIBA2AUIQMJeQ+QPAQQQQAABBBBAIAoC5DFHAQKQHKG4DAEEEEAAAQQQQAABBJovQADSfEOekCnAPgIIIIAAAggggAACWQQIQLLAcBgBBBCIogB5RgABBBBAIOwCBCBhryHyhwACCCCAAAJRECCPCCCQowABSI5QXIYAAggggAACCCCAAALNFyh+ANL8PPEEBBBAAAEEEEAAAQQQiKkAAUhMK5ZiJVOAUiOAAAIIIIAAAmEXIAAJew2RPwQQQACBKAiQRwQQQACBHAUIQHKE4jIEEEAAAQQQQACBMAqQp6gJEIBErcbILwIIIIAAAggggAACERYgAIlw5WVmnX0EEEAAAQQQQAABBMIuQAAS9hoifwggEAUB8ogAAggggAACOQoQgOQIxWUIIIAAAgggEEYB8oQAAlETIACJWo2RXwQQQAABBBBAAAEEwiBQYB4IQAqE4zYEEEAAAQQQQAABBBDIX4AAJH8z7kAgU4B9BBBAAAEEEEAAgRwFCEByhOIyBBBAAIEwCpAnBBBAAIGoCRCARK3GyC8CCCCAAAIIIBAGAfKAQIECBCAFwnEbAggggAACCCCAAAII5C9AAJK/WeYd7COAAAIIIIAAAggggECOAgQgOUJxGQIIhFGAPCGAAAIIIIBA1AQIQKJWY+QXAQQQQACBMAiQBwQQQKBAAQKQAuG4DQEEEEAAAQQQQACBIASi/k4CkKjXIPlHAAEEEEAAAQQQQCBCAgQgEaosspopwD4CCCCAAAIIIIBA1AQIQKJWY+QXAQQQCIMAeUAAAQQQQKBAAQKQAuG4DQEEEEAAAQQQCEKAdyIQdQECkKjXIPlHAAEEEEAAAQQQQCBCAhEOQCKkTFYRQAABBBBAAAEEEEDACRCAOAYWCCCQlwAXI4AAAggggAACBQoQgBQIx20IIIAAAggEIcA7EUAAgagL/D8AAAD//xKsR4MAAAAGSURBVAMA4/VheZSYp/0AAAAASUVORK5CYII=', 'data:image/png;base64,iVBORw0KGgoAAAANSUhEUgAAAZAAAACWCAIAAAB/80kyAAAiQUlEQVR4Xu2deXwURfqHxwUPYEE51wUPYBfQBVwvQFYQXMGLxYMFdoF1FVSQBRVQUXFZOQyH3DHgQRIkgBBQMQEhhKAhhtUABhZQBMIRgUAMSAC50f597frl9Z2qmcnM5KAg7/MHn0xVdU/TU/3UW9XV1R5HEAThPMGjJwiCINiKCEsQhPMGEZYgCOcNXsL69NNPXxUEQbCJ1NRUcpSXsJDnEQRBsIlhw4aRo3wIq23btsMEQRDONW3atClcWDxbEAThXGEaSYQlCIKlmEYSYQmCYCmmkURYgiBYimkkEZYgCJZiGkmEJQiCpZhGEmEJgmApppFEWIIgWIppJBGWIAiWYhpJhCUIgqWYRhJhCYJgKaaRRFiCIFiKaSQRliAIlmIaSYQlCIKlmEYSYQmCYCmmkURYgiBYimkkEZYgCJZiGkmEJQiCpZhGEmEJgmApppFEWIIgWIppJBGWIAiWYhpJhCUIgqWYRhJhCYJgKaaRRFiCIFiKaSQRliAIlmIaSYQlCIKlmEYSYQmCYCmmkURYgiBYimkkEZYgCJZiGkmEJQiCpZhGEmEJgmApppFEWIIgWIppJBGWIAiWYhpJhCUIgqWYRhJhCYJgKaaRRFiCIFiKaSQRliAIlmIaSYQlCIKlmEYSYQmCYCmmkURYgiBYimkkEZYgCJZiGkmEJQiCpZhGEmEJgmApppFEWIIgWIppJBGWIAiWYhpJhCUIgqWYRhJhCYJgKaaRRFiCIFiKaSQRliAIlmIaSYQlCIKlmEYSYQmCYCmmkURYgiBYimkkEZYgCJZiGkmEJQiCpZhGKkFh3XPPPZ4CZsyYoWcXGXW0imeffVbPdpxOnTpVq1atQYMGLVq0GDVqlJ5tJT/99NPx48cPHDjw7bffbtmyZd26datWrUpJSUlMTJw3b96bb74ZERHx3HPP9ezZ88EHH7zjjjuaNGlSu3btChUqYBN9XwFZvnx58+bNd+3apWfYBM7GypUr+/Tp07hx4++//17PZuBEUWUACxcu1Eswtm/fjirxySef6BneHD58OCEhYcSIEZ07d0YtGjBggF7CD/v372/dunVycrKe4Yv169fjN/3Tn/40aNAgPa842Lt3Lz8zR44c0UtYjGmkcyOs0aNHU1YA/va3v/GtNAILKy8v7+KLL6YCy5Yt0wrYyRtvvEHHHBJLlizR9+WHffv2devWTW112223nTlzRi8REO+v1bn55ptRBj+HnhGQyy+/XP8ax/noo4+uuuoqKtO7d2+9BCN4YW3dulXt9le/+hVk9OOPP+olCjh06FDVqlVpn5dcckl2drZeyCAnJ+e6665D+XLlyk2aNEnP9ubFF1+k/ZcvX37z5s16iSKze/du+gpw7NgxvYTFmEa6YIXFv+KGG27Qcs8hn376KR2Yxh//+Mcvv/xSTw2O4H+1Ll268A2HDBmilwgI39bk7rvvdopJWLjyf/3rX1MZ+GXNmjV6oQKCFBb0hJPMSz7wwANHjx7VyxWgVdRevXrpJQw6duzIN0EsfOrUKb1QAYjFKleuTIVxMHoJA2iU7d43/HxCsjzr5MmTbGe2YxrpwhQWfpUrr7yS7alwkpKS+B5KjsDCQrxTsWJFPaOASpUq1alT5w9/+EPLli3vvfdenB/EHYMHD0afIvgQEp3NKlWq0D4hgrS0NL2Qf9jh+KB79+5OMQkLIALixdBv0ksUEKSwwI4dO1QERDRt2jQ1NZWnhAEOQO0fXde2bdvyLPxYiGp5dQ2VpUuX0vGHKiz8f3lWqAH1ucU00oUprNdff53tJiiCv+CLSGBhoUB0dHRkZOTMmTPRJ0JhXAkZGRnPP/88mt+rr76aLgzUvGbNmj399NOZmZleXxAE06ZN499br169AFGGxoMGbdq0oV2pHyIlJWW0C3qIF110Uf/+/dVHDrRLW6F10b/GBUdVs2ZNj2vV1q1bo4d14sQJvZBL8MJy3Gv+jjvuoMIVKlSIi4tjW4cD/S6O21527dqV5+KEnythZWVl8ayffvqJsuzHNFIxCwsVhZ8dnzjewmrQoMGbDD5sEZ6wcnNzeQQRJOdEWLfffjsu+Pr166uPSliO2xuaPHlyixYt5s2b57iNdrly5VQZuFiVeeutt2g/Zo84MOgZYee0OejTp49eyA+o8RsL2L17N1I++eQT2s/IkSNVsS1bttx5550q8dprr926dSvfydSpU2kTAF+o9M8//5ynB4aPEGnC8gkqDJU/fvw4eq9IvPTSS/HT79y5Uy8dIlxYjnuGcUpV1rhx4xzv6hoqYQgLl5KeGhD8mr8cvTWYRjr3wkL7zPfAhxhMYRW6f1y6Dz30EH3EL3etf8qXL08lg7ynU3S4sPC3wzpQJCw6Cc2bN1cp6A2pFDVIhDYc0ZZKQT8R15sqFjy4wBC2qD0oli9frhfyBXo3tEnfvn2REh8fTym4TlSx7Ozs2rVrUzoCJdUkwHfowCLsoizVi1SUmrDAqVOnunTpgjDWcRs5HjN27NhROzmNGjXiBUzQ8+I7V+CXnThxovqbCwu/nb69QfXq1ak8F1aQhCqsb775Rt+FBZhGutCERZexx71NE7i71LBhQyoc5OVadIIRFgIrKpOeno4URC7qI/ovsNWUKVOoAF0SAdBEoLTy1FNP8cS6dev+8MMP+pYGXA2vvfaa4x0uvf/++1Ryw4YNV1xxBWVBUvif3n///ZQCbr311sOHD9MmpSmsAOD/xTesU6fO/v37eYHY2FjU22BOF8GF9eijj+rZBryjXQrC2r59u74LCzCNdKEJi1NoR4kLKyUlRc92w+9evXrVqFEDAcITTzyRn5+vlwidwMIKu29yzz336N/E8CmsAwcOcKEgUit0ahJISkqiTXDdIgUVhlJSU1N5YXjkN7/5DeVqwFY4w7y8DcJKS0ujDrjHnc2Ao6LcrKysP//5zyrrr3/9a/BDQpYL69tvv9V3YQGmkYpZWEePHt1cQLVq1eh0jBo1itKdIgjriy++oJgZNYlK1q9fHyl8HBetIpruFStWoDMVFxfnc7C2QYMGVB4l9WzH4b1L0KlTJ71E6JSOsOBf6BgXxttvv71x48b//ve/vDB13MaNG6dSHnjggWAmGYF3332X9qN6ef3796eUTZs2aeXR59K6VwokIjRDB5MXPn369L6g4VOKNGHNmDFDL71vH91YmDVrFk6XFjQptm3bhvaJ74rOlQIniufSmB0BhaGRGzp06NmzZ3k6F1aohCGsI0eO7HSZP38+7Qf/NZUIcCWyb/D4PBvnHNNIxSwsYv369fx0BLhLGJKwiP/9739UzFMwqxAhevv27T3uxaBcQDMkYc8RI0ZoO+HC8hlcaIP3/u6+h0TpCIu6kB63a8zHxT3sIkTvEuc/ISGBb+u4Y8Yff/xxx44dx44dq2WNGTOG9qNGavEzUUpubi5S0Dwg1EJ14k2IPxo1aoRQZciQIfhNsS0uJHR4odqmTZsOHz6cvhc/7m9/+9sOHTrABZCg+iIi+LuEM2fOVAK98sortbAaUcbvf/97vp+ePXvyAo5bsbl/8feiRYt4gWeeeUZl4cTu3buX0otFWCHFTaqR5vXt6quvpuOBvllZz8GDBynLHkwjlZSwEFLx0xEVFcVziy6sfv36UTGPW28mTJjguJdKu3bt/v3vfztul+fSSy+lMqoA53e/+x3lrly5Ust1jOY0mHl9hRJYWGfOnKE2kE+Dhm0p3SdaC/mXv/yFtm3SpInPLqE/IiMj69atq0qiQ6dNNRw4cCDtRz0uQ12kiy66CGHFhx9+yE97kGDbLVu2OCzoA2h+6Hs1JY0fP56yzFx/wkJIqOmGjIwglN+hBrfccovPwPyRRx7hxdCMoZ+osnDqeFbNmjVpft+5Eha6DpQCHav9gPz8fFbW0kd2TCOVlLAaN27MT8fFF1+MS44mrUVERFBWGMI6fvw4H3whnnrqKXwFctUXoS5SFtxkTjim+QTgs88+03IBmh009dVd8EextEKBhcVLvvTSS1QyPj6eZxWKmr6k+Oc//xmSsAYNGsQLv/POOzyXgtbLLrtMpdxwww0qpWrVqo776/gct7rmmmtiY2NxJE8++aQ574QiRB4MwgU0SMTvRYKMjAyVrghSWKgY//rXv3hJ8I9//AM9WX7jMlTww+F/7biPH/KmwuOK+OWXX8b3cmGh/KuFce2111L5oggLkTKl4KqkU4HKzMpaOgP+VcNIJSIsf8+XNGvWTLWivMMShrDQwaQyGqj36q4Tmvp69epR+gcffKDvxXF4ATSwenbJwIWlgf87n20bKjQV6JtvvuHpkydPDklYu3bt4qPODRs25A/cUTwF3asU9NRUCrrYKgXBLG3ucUMVdMR4g3Hs2LG4uLgePXrQT6CmFzhuy8/dQRO4+J27ihUrajO2gxSWAnEQ/w+iBuJ4tOnvoULj6DhXL7zwAs9S+1cXlyLsQfcwhLVgwQJKwQVI+0efmpX1BHim8hxiGqlEhPXYY4/xc8FBVZs/f/7QoUMp5c477+TbFiosNAW8K2ei5kDyBrl169aOO+8GNbVFixY0+MrnQGgtdslRCsKaPn06T8d/LSRhgc6dO/Py6OVRVqHDUv3798f1WatWLbTnCC5oRmIHBh+B2rdvH/bPh6h55Dt37lyViDiIEiFNpPiM4/zB7/Q57u1m1W9t1aqVmp0wfPhwfZtQqFy5MnUMQUxMjHr2nvZfLMLi/P3vf6cCvK+ngaiWirVt25bSc3JyKB1dY7aFRZhGKn5h7dmzh9+/08CpwfUzePBgSlEzIYlChcUHfYn27durXsZ9992ngvObb75ZZaG5XrNmTUpKCsXY6BSoXfGZjWvXrvX6mhKjFISFPiAlVqhQ4fTp06EKKz09nZfnUTC/+euT5557znHHdGkTBS+zM+BMV/549vPPP68Sb731Vkr8z3/+4xRNWI77Q6Du0dgNQjlUIegYNuzatWvfvn2HDBkyduxYnKs5c+YkJiaiPCrS119/nZ2dnZeXh2qGsF3t/PbbbzcnjiYnJ6Na0v65sELFFBZ6yvxuphq09QkfE+SDsIijKZ1697ZhGqn4haUNhysefvhh9eS9kgUfR0B7yzcPLKz9+/fT8Ad/vPnZZ5/Fj9qtWzdcnCiWkJBAWWiZHfcR0EqVKqkUKEwNHvEarz1aUXJwYZmP5mzfvn2dC3+6DZeQSgyMMjXgwx/KNaEKC6D7wDdRfXmc3kLHetTyD6GOu/P7yLxNonF3vqqBmuVbRGEVC/BaREREMP2p4hXW6tWreYFNmzYdPHgQYd2999770ksv8ZK8f4qWjNK3bdtG6Ti3bAuLMI1UzMJC+8OfdyFQHZGFC0/NvezevTtlaZObAgsLF4PKQtdywIABVJLPET1z5sz111+v0hFfqOfdHO+lpuAIBOr86YcNGzbQHkoULizlTZ+D7nyhAn53v1B4RfQUtL1hCCs6OppvoiKdQ4cO0Tw4DsxLJdX0kaIIi48T16xZ03HDdkpBBVPhW1GEhXqIsx0ZGcnXBTxx4gTfxPEeM1L9OPxLKYFPY+/evSELmpBZvMLie2vSpAkaEqrMVatW5TPU+KQTvkbgV199RemImindKkwjFbOwEKvTWeBo87DatWtHWdpUF1NYI0eO7N+/v5qRSLeNH3/8cf6bcWHxm4M8VEYUzdf9eOaZZ/i9KjWjtRQIUlg33ngjFSsUPibCH4r2FEzXCENY6MvwhW4gDvM2K7FkyRIqqaaPFEVYvLcCcnJyli1bRh/RN1TFuLCmTp2qB5zr1vGhCU1YtEM0aY888ogaZipGYaGyqRu15cqVQx8CtZdXV3qWkKaP8EQOuhH4FcwnzG666SbaUD0ghViPUviN3ebNm1M6PTkPsE9K97daxjnHNFIxCwtNgToF6H/x9QA0YfE7MjRIoTCFRdfzpEmT6MJbu3atT2EhVOaXCiLku+6665ZbbkFIhWaEz8FB14Z/RGDCD6PkCEZY2sT0QuHC4uPl6IarPnIYwnKMCUd8agV2izOGnxtxa0pKCp9ODWOiwBNPPPGoN2xPPz/UouXyaSW42vnSfZDLxIkT6ePAgQNVMS4sMwZxvKWpCYtXHoQkqk+HPjUleoomLG3iNOzJv1HtyvEeu8Bh8HWucRKwieqAz5kzh9IdY4krNdjPp1JTRdLOJH/Sk1cJPqHUKkwjFbOw0FKpmyP9+vXztx4Wumy86dPmUpvCQmitPo4ZMwZVCk0WNOR41zklLPw8dIs9VEptdfNghKWtplQojz32mNoQ5/byyy+ndBofDFJYQ4cOffLJJyF99ZGmROGcP/TQQ0ifPHkyOiA1atTgI1kIY/lEE+3qIqiAp7BBd8d7BG38+PEIqOkj3bIsirDU2jIKBDIqEb6gRHXjLGxh8YkdtWvXdryrKwkLouSNNy0DjSPBUVE6pKPGEBV8hgfFm473fQnVAPB+n8e7kvM1C2mGCoFOd3JyclJSEn80vShZ4WEaqZiF5bgLoaB+4/z6E5Y2S4vfMnd8CYva+WnTpjnulFR1RZnCcoyn/4Jnn/dDbYqDBw/CBaX58DM+ZmRkmAPb+FF4Z2fVqlX8JhFdrnznnoJgxwlaWAh8VAFYafTo0ah2LVu2hI9oHJA/okC8+OKLfIb3xx9/7L3X/4dtUbiwuBfwN+/XfPfdd6pM2MI6e/YsH8Kn5S74/DV0EZzghIV6CNGQ5RVoU6kYao4qRikkLMCDU7B48WL0r812l0ZO0Crzh/b5jH++bIa6dniKGg0keC8e0uRZX3zxBZ3bWrVq8VMXXlbYmEYqfmENGTJE/R7+hIULgNIBGgHKcnwJi5oa1XTTxByfwkLQS4mKKlWqoMOPmAV9zylTpsCP6nlDbaKgz1nsvJXzGPcHwiOwsNDk3nbbbVSAqFixIl/RHNcAZfGjQvtGtRnWy8nJUelBCgt9Z16M1EDwdW+IAQMG8N8iPT2dR3nBo86GAhEKWia0VYjp0P2n0bRGjRpRmbCFpd1iQwuq0iELSrzqqquc4ISFmFR9pBGiEydOVKhQgYqpJtmfsCCgVq1aUZa5QDb6a3FxcTTjn4sGPzG6h0eOHMEvhT9WrlxJoxzo6ODXv+uuu6iw9mAZn1CqvfSAX4Me76HV8LLCxjRS8QsL/QjVfvoU1qlTp6655hpKp+EDwhRW69at1Uet6fYpLDWtFKJBTxOhqc+4KSEhYeDAgTu9HzOmOQGckn74WQP/dz59EdVx5MiRVAWrVaumRtD5nQ1ECubCILg4+/bte//99/MU2sTjzn1nxX+BP/CkrlgNtKIe90uhtm7duuEnQCuSlZVFT/x63KXgii4sDqJ1KoPOEeoPfpfExMSwhYWohNJxqFQDeVOqJhsHIyyawInmUO2H3yK45JJL1FQsf8Jy3I7bZZddRrkE/rOoALxm4lC1RiUA3bt356E6Leuq4P+1Fi1a8Cyt2uNjEbPCxjRS8QuL8CksbW3cLl26eG3jS1j0AH2AcVN+lzBI+MB2+fLlfS5spD38/PDDD+slQieAsHDx8EdGOnfu7Hj3wlD7O3ToQB9ROMi3eynREIhc9BLGAhjmnBLHbW8oauP06NGDNjxw4EARhYVLdOPGjQsXLhw3blyfPn20GWGK1NTUsIXFH/fD35TetGlTSlcTBoMRFi1J+N5776n98Ak3iHFUIm9mNGE5vl7vdv3115vN7ezZs7ViQQIhbt++PT8///Tp07Detm3baGa1p+DJAYIeF1XwizS8rLAxjVSqwtqzZ49Wlc131XBhoXO0a9cumtilLYpYRGG98sortLkaFjVRY1jVq1evUaNGSYxhBQAXGz1Gx5dt4Pjr2Zng+ucbImqbNGkSLfCA/xeCApq8psAl5L0Pv2DzOnXqqK3QE8H1gPjuUQO+c/MuIdi8eTPiNezKHMIzyczMDG8eFq5YfuOMxoC0O7NqNf1ghNWyZUv1kZZU44+O0QAZ78VjJzhpiJcRlKGC3XjjjQgbtScQPe6DsdqACYK1WrVqacWCoWvXrto9X45qGgkc2+OPP66qPQ6PT1ULLytsTCOVnrBQUfjjUR63B2TGNfTzm2i9trCFlZubGxkZyYPw++67Ty9UYnBhqZnuCq0iqpun3333HWJSWtCdg2irZ8+e8+fP1xbt9MkPP/zAY7dg0F4bwYmPj69Xr17jxo0R++C/wOff8vUANNi+/Q6608MuhYLDC09YaWlpPF2NDKIe0siDx52cpfpxwQiLnt/++uuv8XHTpk1UwMPWSucVG62RJuWGDRs63lJToGnp1KkT4kd62DsqKkor43FHvurWrYufAwE4akWvXr14Lr4LfteeMOWgRVQ7tw3TSKUnLG1Co8fPqsR8Yi6HVgIgghSW9korn6j7j6WDOeiu4PeqEeygW3HTTTfxmWL+QHXENdOxY0dzHT4OpKxv6R9cXfr2DK3zyFFP+fmEF/MnrA0bNvBiGoi1EYz07t07JibmxIkT4QmLD1RVqVJFPXStLd+GSEEVNoXFXTBo0CCcClKPmn/Pf0eEWmo/a9eupUSf4Ld2XG/i6vMZYFauXFm9PhLmat68OUKYd955Bz19nEntZc4ooL0YUQ1laGt4EAiK7XxljuPLSKUnLJxHtBWU4u8luv5WbY+IiNBKBiksbSqKCaJx80ndksOfsLKzs1VN7dGjx2efffbL8TEQv6Ax5BENgYDRfP6Wg/rKX7weABQL8I5lx72z4dOkOLwAE3B4SX/CQhCtXa4IHNCdmTBhAs6JFmKHJyw+R1zdl0DMwr8UZ5IOzxQWX2iEQ+sl8IGwp59+WiXu2bPHXAKMwLfzW3g+pzWouYfBoN0oh+XpsTOzO3nFFVeozq+dmEYqPWE57vCBauevu+66ACsconYiQka9QeSM4Lx+/fovv/yytkK2E7Sw0GoFGANGVqktLFMorVq1QmylHhPhb/r0uPdx5s6dq+5n4dShS9ukSRNeIEBoQ+A6RH/B33WOmo19Dh482OewugYsjz4mfqNKlSpBoAh8XnnllQC2coITluMuB3j33XfDC4sWLTLnVXDCeDRn7969lOJx+92oV9paOvwtRKawkpOTWdlfwH/fcRfw48vv8CFa3pWDoVAMURISV61aZbaXqAOo3vS4PmoplKeVCUBiYiJN01MP7ijQy3nhhRdwqGj+0atYvHhxSC/+KX1MI5WqsBx35TZ0XorlOZgghQXojZ4Eakzt2rVx9Qa4ckqf2NhYeomDujAgboRU/iJ2BI+oee3atUPt9zktwx8IkQ55Y3nF9UkYdwnRNWvUqBElqrYKTRpNhaNnBhSmsBzvYSwFumB8MeX169fjV8OPwpfxRGPTvn17dCzQhwhyQBrFIOJmzZpFR0freYWBVgcVo02bNsGsJGEtppFKUFj2gKsxLy9vvwv+QDNoxmsWUmpPC5U1MjMzEUiiA8uXLUXc0a9fvyArBvqnCHJxvSAcK7U3WoYKRFws97XPIaaRyoSwBEE4HzGNJMISBMFSTCOJsARBsBTTSCIsQRAsxTSSCEsQBEsxjSTCEgTBUkwjibAEQbAU00giLEEQLMU0kghLEARLMY0kwhIEwVJMI4mwBEGwFNNIIixBZ+HChWotulD56quvfK5Vcvr06WnTpqWmpvLEkydPRkVF+VwTTRAUppFEWGWOgwcPTpkyhb/njpOWlubvPV1EUlLSMG/UWgjLli1btWqVXto1oFZ+5cqVM2fO1BLVTpYuXRoRETHaZcSIEf7+5mu044D9vQxROK8xjSTCKlvk5+dHRkZqi+rExMR4q8MH2dnZVP7IkSN53qi32GM/vJgiPT39zTffPHbs2CkGEr/88kueAtR62dHR0fQaxAB/83cF7du3Dwo75R6DcCFhGkmEVYaAEWJjYzMzM3nijz/+iJgFYZe2QhaBrNdee0298t4n2AMKePvtZ1a6TJw48fDhwx988IGy5ObNm/F1c+fOPXv27IcufPk6dTBq1Rf8PWrUqMB/E9hq7969PEW4ADCNJMIqQ6C/BnFoiQhP3n77bS2Rk5OTQ2+Q9gkMgp1s3Ljx9ddf31cA/t6xY8d7772nFqtbs2ZNSkrK8uXL4ZqMjIwJEyYgFoOq5s2bp16qrlCxkur3+QMdQ/N4pk+fDhVqicL5jmkkEVZZASESNGGu6LZ27drFixdriRy4ZtGiRfT3LxFUAWrz1atXL1iwQBXDt8A7PChDDy4qKgpaOXDggOO+dgzqKXSFQnxd4GMjZsyYQe+nES4YTCOJsMoKiGsSExP1VPc92N7+8QH1Io8dO5aXlweJLF26lAaw1OrMs2fPXrdunSqGP2hVXxRAGDV27FiYkb/VLTk5eeTIkegz8kU+EYJNYqCnOW7cOPq4devWtLS0d99911wPOiYmJvA7OITzEdNIIqyywsyZM7U30SqmTp2KSOewf6ZMmZKbm0vlT506NXnyZE0ZCKbQU6OF4RcuXAj17Ny5E11CRFIrVqyAbrwd+DPKWRMnToS2zDdUOu6xqfdQZGVlxcfHQ1WbNm3yuUj5+PHjDwd8BYZwPmIaSYRVJjhz5gzEYV7qsM+YMWN8ykJx8uRJbMgLQC7q7WSIm0hkGzZsiI2NpTIqGkIgtmzZMvXWPOznhIHjvil21qxZn3/+OY4QPdZx3uDYlNq0dBiTHxJ2hZL0UbhgMI0kwioTwAtRUVF6qvviL2WEACCuofKwDwIu9TKYjRs30usL33rrLRrzzs/PHz58eFEmGUCsCKkQpk2fPh1+PFTYq60Rds2fP19PFc5/TCOJsMoE27Zt494h0tPTly5dqncCGei18bfCfPTRRxkZGRAKbBUdHa3uOSKYgsUo5Fm3bh1EQ5sQu3fv1l5XtWjRIj6dCoES1IOvQAClhVQK9Dp9vqLm/fffX79+vZ4qnP+YRhJhlQl27NhhTgVw3G5d4NkAc+fOpcd0Vq9eje7hkiVLpk6dmpCQAAnGxMQgkkIHkM+bR2S0YsUK9Xd2djZiH5o/BROpWVf4OzExkd5I7LhREo4wKSlp2rRp/h4M8nm0COjQl9SmZQkXBqaRRFhlgtzc3LFjx5pjVbjUA7yC2/EukJKSsmDBAsRTNBY2a9YspCDAofL79++H1NS7o7EhYrTMzEwEdzxq+/777+fMmYOYSH3UDgDfSLcFNVAzzaOF+NBt1BKFCwPTSCKssgK6VNoTObj4hxUG9ME30UB3EgERunJQIW2iHkWEidhuAsFfDY9D8veNPrOysrLeeOMNCa8uVEwjibDKCpCLNjKN7tXs2bP1J3EYa9as8bn6ggKeiouLo5AHvT8IMS8vz7tUaKAzGBERoY9duYwaNSo+Pp4XRmcQfUw+CiZcYJhGEmGVFY4fPz5mzBh06PQMm1i+fHl6erqe6qJlHT16FLEVHwUTLjxMI4mwBEGwFNNIIixBECzFNJIISxAESzGNJMISBMFSTCOJsARBsBTTSCIsQRAsxTSSCEsQBEsxjSTCEgTBUkwjibAEQbAU00giLEEQLMU0kghLEARLMY0kwhIEwVJMI4mwBEGwFNNIIixBECzFNJIISxAESzGNJMISBMFSTCOJsARBsBTTSCIsQRAsxTSSCEsQBEsxjSTCEgTBUkwjibAEQbAU00giLEEQLMU0kghLEARLMY0kwhIEwVJMI/kQVps2bV4VBEE418BFhQtLEATBHvwKKzU1dZggCIJNwEvkKC9hCYIg2IwISxCE8wYRliAI5w3/B7Prp/O+Zr1dAAAAAElFTkSuQmCC', NULL, '2026-03-02 17:51:37', '2026-03-02 19:06:10');

-- ----------------------------
-- Table structure for adoption_application
-- ----------------------------
DROP TABLE IF EXISTS `adoption_application`;
CREATE TABLE `adoption_application`  (
  `id` bigint NOT NULL AUTO_INCREMENT COMMENT '申请ID',
  `pet_id` bigint NOT NULL COMMENT '宠物ID',
  `applicant_id` bigint NOT NULL COMMENT '申请人ID',
  `applicant_address` varchar(255) CHARACTER SET utf8mb4 COLLATE utf8mb4_0900_ai_ci NULL DEFAULT NULL COMMENT '申请人地址（仅此字段user表无，协议留存用）',
  `family_members` int NULL DEFAULT NULL COMMENT '家庭成员数量',
  `housing_type` enum('apartment','house','farm','other') CHARACTER SET utf8mb4 COLLATE utf8mb4_0900_ai_ci NULL DEFAULT NULL COMMENT '住房类型',
  `has_other_pets` tinyint(1) NULL DEFAULT 0 COMMENT '是否有其他宠物',
  `other_pets_info` text CHARACTER SET utf8mb4 COLLATE utf8mb4_0900_ai_ci NULL COMMENT '其他宠物信息',
  `experience` text CHARACTER SET utf8mb4 COLLATE utf8mb4_0900_ai_ci NULL COMMENT '养宠经验',
  `reason` text CHARACTER SET utf8mb4 COLLATE utf8mb4_0900_ai_ci NULL COMMENT '领养理由',
  `status` enum('pending','approved','rejected','cancelled') CHARACTER SET utf8mb4 COLLATE utf8mb4_0900_ai_ci NULL DEFAULT 'pending',
  `reviewer_id` bigint NULL DEFAULT NULL COMMENT '审核人ID',
  `review_time` datetime NULL DEFAULT NULL COMMENT '审核时间',
  `review_comment` text CHARACTER SET utf8mb4 COLLATE utf8mb4_0900_ai_ci NULL COMMENT '审核意见',
  `create_time` datetime NULL DEFAULT CURRENT_TIMESTAMP COMMENT '申请时间',
  `update_time` datetime NULL DEFAULT CURRENT_TIMESTAMP ON UPDATE CURRENT_TIMESTAMP COMMENT '更新时间',
  PRIMARY KEY (`id`) USING BTREE,
  UNIQUE INDEX `uk_pet_applicant`(`pet_id` ASC, `applicant_id` ASC) USING BTREE,
  INDEX `idx_pet`(`pet_id` ASC) USING BTREE,
  INDEX `idx_applicant`(`applicant_id` ASC) USING BTREE,
  INDEX `idx_status`(`status` ASC) USING BTREE,
  INDEX `idx_pet_status`(`pet_id` ASC, `status` ASC) USING BTREE,
  INDEX `idx_applicant_status`(`applicant_id` ASC, `status` ASC) USING BTREE,
  INDEX `idx_reviewer`(`reviewer_id` ASC) USING BTREE,
  INDEX `idx_status_create`(`status` ASC, `create_time` DESC) USING BTREE,
  CONSTRAINT `adoption_application_ibfk_1` FOREIGN KEY (`pet_id`) REFERENCES `pet` (`id`) ON DELETE RESTRICT ON UPDATE RESTRICT,
  CONSTRAINT `adoption_application_ibfk_2` FOREIGN KEY (`applicant_id`) REFERENCES `user` (`id`) ON DELETE RESTRICT ON UPDATE RESTRICT,
  CONSTRAINT `adoption_application_ibfk_3` FOREIGN KEY (`reviewer_id`) REFERENCES `user` (`id`) ON DELETE RESTRICT ON UPDATE RESTRICT
) ENGINE = InnoDB AUTO_INCREMENT = 21 CHARACTER SET = utf8mb4 COLLATE = utf8mb4_0900_ai_ci COMMENT = '领养申请表' ROW_FORMAT = DYNAMIC;

-- ----------------------------
-- Records of adoption_application
-- ----------------------------
INSERT INTO `adoption_application` VALUES (21, 2, 9, '郑州市管城回族区金岱街道', 1, 'apartment', 0, NULL, NULL, '想多一个家人一起成长，一起陪伴', 'pending', 1, '2026-03-02 19:06:10', '撤销通过', '2026-03-02 17:13:50', '2026-03-02 19:01:45');

-- ----------------------------
-- Table structure for favorite
-- ----------------------------
DROP TABLE IF EXISTS `favorite`;
CREATE TABLE `favorite`  (
  `id` bigint NOT NULL AUTO_INCREMENT COMMENT '收藏ID',
  `user_id` bigint NOT NULL COMMENT '用户ID',
  `pet_id` bigint NOT NULL COMMENT '宠物ID',
  `create_time` datetime NULL DEFAULT CURRENT_TIMESTAMP COMMENT '收藏时间',
  PRIMARY KEY (`id`) USING BTREE,
  UNIQUE INDEX `uk_user_pet`(`user_id` ASC, `pet_id` ASC) USING BTREE,
  UNIQUE INDEX `UKoodbgen6i6iro6u2twr30u46c`(`user_id` ASC, `pet_id` ASC) USING BTREE,
  INDEX `idx_user_create`(`user_id` ASC, `create_time` ASC) USING BTREE,
  INDEX `idx_pet_create`(`pet_id` ASC, `create_time` ASC) USING BTREE,
  CONSTRAINT `favorite_ibfk_1` FOREIGN KEY (`user_id`) REFERENCES `user` (`id`) ON DELETE RESTRICT ON UPDATE RESTRICT,
  CONSTRAINT `favorite_ibfk_2` FOREIGN KEY (`pet_id`) REFERENCES `pet` (`id`) ON DELETE RESTRICT ON UPDATE RESTRICT
) ENGINE = InnoDB AUTO_INCREMENT = 20 CHARACTER SET = utf8mb4 COLLATE = utf8mb4_0900_ai_ci COMMENT = '收藏表' ROW_FORMAT = DYNAMIC;

-- ----------------------------
-- Records of favorite
-- ----------------------------
INSERT INTO `favorite` VALUES (19, 9, 1, '2026-03-02 17:55:15');
INSERT INTO `favorite` VALUES (20, 9, 10, '2026-03-02 17:55:25');

-- ----------------------------
-- Table structure for forum_comment
-- ----------------------------
DROP TABLE IF EXISTS `forum_comment`;
CREATE TABLE `forum_comment`  (
  `id` bigint NOT NULL AUTO_INCREMENT COMMENT '评论ID',
  `post_id` bigint NOT NULL COMMENT '帖子ID',
  `author_id` bigint NOT NULL COMMENT '评论人ID',
  `content` text CHARACTER SET utf8mb4 COLLATE utf8mb4_0900_ai_ci NOT NULL COMMENT '评论内容',
  `parent_id` bigint NULL DEFAULT NULL COMMENT '父评论ID（支持回复）',
  `status` enum('published','deleted') CHARACTER SET utf8mb4 COLLATE utf8mb4_0900_ai_ci NULL DEFAULT 'published' COMMENT '状态',
  `create_time` datetime NULL DEFAULT CURRENT_TIMESTAMP COMMENT '评论时间',
  `update_time` datetime NULL DEFAULT CURRENT_TIMESTAMP ON UPDATE CURRENT_TIMESTAMP COMMENT '更新时间',
  PRIMARY KEY (`id`) USING BTREE,
  INDEX `idx_post`(`post_id` ASC) USING BTREE,
  INDEX `idx_author`(`author_id` ASC) USING BTREE,
  INDEX `idx_parent`(`parent_id` ASC) USING BTREE,
  INDEX `idx_create_time`(`create_time` ASC) USING BTREE,
  INDEX `idx_post_status`(`post_id` ASC, `status` ASC) USING BTREE,
  INDEX `idx_author_status`(`author_id` ASC, `status` ASC) USING BTREE,
  CONSTRAINT `forum_comment_ibfk_1` FOREIGN KEY (`post_id`) REFERENCES `forum_post` (`id`) ON DELETE CASCADE ON UPDATE RESTRICT,
  CONSTRAINT `forum_comment_ibfk_2` FOREIGN KEY (`author_id`) REFERENCES `user` (`id`) ON DELETE RESTRICT ON UPDATE RESTRICT,
  CONSTRAINT `forum_comment_ibfk_3` FOREIGN KEY (`parent_id`) REFERENCES `forum_comment` (`id`) ON DELETE RESTRICT ON UPDATE RESTRICT
) ENGINE = InnoDB CHARACTER SET = utf8mb4 COLLATE = utf8mb4_0900_ai_ci COMMENT = '论坛评论表' ROW_FORMAT = DYNAMIC;

-- ----------------------------
-- Records of forum_comment
-- ----------------------------

-- ----------------------------
-- Table structure for forum_comment_like
-- ----------------------------
DROP TABLE IF EXISTS `forum_comment_like`;
CREATE TABLE `forum_comment_like`  (
  `id` bigint NOT NULL AUTO_INCREMENT COMMENT 'ID',
  `comment_id` bigint NOT NULL COMMENT '评论ID',
  `user_id` bigint NOT NULL COMMENT '用户ID',
  `create_time` datetime NULL DEFAULT CURRENT_TIMESTAMP COMMENT '点赞时间',
  PRIMARY KEY (`id`) USING BTREE,
  UNIQUE INDEX `uk_comment_user`(`comment_id` ASC, `user_id` ASC) USING BTREE,
  INDEX `idx_user_id`(`user_id` ASC) USING BTREE,
  CONSTRAINT `forum_comment_like_ibfk_1` FOREIGN KEY (`comment_id`) REFERENCES `forum_comment` (`id`) ON DELETE CASCADE ON UPDATE RESTRICT,
  CONSTRAINT `forum_comment_like_ibfk_2` FOREIGN KEY (`user_id`) REFERENCES `user` (`id`) ON DELETE RESTRICT ON UPDATE RESTRICT
) ENGINE = InnoDB CHARACTER SET = utf8mb4 COLLATE = utf8mb4_0900_ai_ci COMMENT = '评论点赞表' ROW_FORMAT = DYNAMIC;

-- ----------------------------
-- Records of forum_comment_like
-- ----------------------------

-- ----------------------------
-- Table structure for forum_post
-- ----------------------------
DROP TABLE IF EXISTS `forum_post`;
CREATE TABLE `forum_post`  (
  `id` bigint NOT NULL AUTO_INCREMENT COMMENT '帖子ID',
  `title` varchar(200) CHARACTER SET utf8mb4 COLLATE utf8mb4_0900_ai_ci NOT NULL COMMENT '标题',
  `content` text CHARACTER SET utf8mb4 COLLATE utf8mb4_0900_ai_ci NOT NULL COMMENT '内容',
  `author_id` bigint NOT NULL COMMENT '作者ID',
  `images` text CHARACTER SET utf8mb4 COLLATE utf8mb4_0900_ai_ci NULL COMMENT '图片URLs（JSON格式）',
  `pet_id` bigint NULL DEFAULT NULL COMMENT '关联宠物ID',
  `is_top` tinyint(1) NULL DEFAULT 0 COMMENT '是否置顶：0-否，1-是',
  `is_pinned` tinyint(1) NULL DEFAULT 0 COMMENT '是否精华：0-否，1-是',
  `status` enum('published','deleted','hidden') CHARACTER SET utf8mb4 COLLATE utf8mb4_0900_ai_ci NULL DEFAULT 'published' COMMENT '状态',
  `create_time` datetime NULL DEFAULT CURRENT_TIMESTAMP COMMENT '发布时间',
  `update_time` datetime NULL DEFAULT CURRENT_TIMESTAMP ON UPDATE CURRENT_TIMESTAMP COMMENT '更新时间',
  PRIMARY KEY (`id`) USING BTREE,
  INDEX `idx_author`(`author_id` ASC) USING BTREE,
  INDEX `idx_pet`(`pet_id` ASC) USING BTREE,
  INDEX `idx_status`(`status` ASC) USING BTREE,
  INDEX `idx_create_time`(`create_time` ASC) USING BTREE,
  INDEX `idx_status_create`(`status` ASC, `create_time` ASC) USING BTREE,
  INDEX `idx_author_status`(`author_id` ASC, `status` ASC) USING BTREE,
  CONSTRAINT `forum_post_ibfk_1` FOREIGN KEY (`author_id`) REFERENCES `user` (`id`) ON DELETE RESTRICT ON UPDATE RESTRICT,
  CONSTRAINT `forum_post_ibfk_2` FOREIGN KEY (`pet_id`) REFERENCES `pet` (`id`) ON DELETE RESTRICT ON UPDATE RESTRICT
) ENGINE = InnoDB CHARACTER SET = utf8mb4 COLLATE = utf8mb4_0900_ai_ci COMMENT = '论坛帖子表' ROW_FORMAT = DYNAMIC;

-- ----------------------------
-- Records of forum_post
-- ----------------------------

-- ----------------------------
-- Table structure for forum_post_like
-- ----------------------------
DROP TABLE IF EXISTS `forum_post_like`;
CREATE TABLE `forum_post_like`  (
  `id` bigint NOT NULL AUTO_INCREMENT COMMENT 'ID',
  `post_id` bigint NOT NULL COMMENT '帖子ID',
  `user_id` bigint NOT NULL COMMENT '用户ID',
  `create_time` datetime NULL DEFAULT CURRENT_TIMESTAMP COMMENT '点赞时间',
  PRIMARY KEY (`id`) USING BTREE,
  UNIQUE INDEX `uk_post_user`(`post_id` ASC, `user_id` ASC) USING BTREE,
  INDEX `idx_user_id`(`user_id` ASC) USING BTREE,
  CONSTRAINT `forum_post_like_ibfk_1` FOREIGN KEY (`post_id`) REFERENCES `forum_post` (`id`) ON DELETE CASCADE ON UPDATE RESTRICT,
  CONSTRAINT `forum_post_like_ibfk_2` FOREIGN KEY (`user_id`) REFERENCES `user` (`id`) ON DELETE RESTRICT ON UPDATE RESTRICT
) ENGINE = InnoDB CHARACTER SET = utf8mb4 COLLATE = utf8mb4_0900_ai_ci COMMENT = '帖子点赞表' ROW_FORMAT = DYNAMIC;

-- ----------------------------
-- Records of forum_post_like
-- ----------------------------

-- ----------------------------
-- Table structure for forum_post_view_log
-- ----------------------------
DROP TABLE IF EXISTS `forum_post_view_log`;
CREATE TABLE `forum_post_view_log`  (
  `id` bigint NOT NULL AUTO_INCREMENT COMMENT '主键',
  `post_id` bigint NOT NULL COMMENT '帖子ID',
  `user_id` bigint NULL DEFAULT NULL COMMENT '用户ID（可为空表示未登录）',
  `view_time` datetime NULL DEFAULT CURRENT_TIMESTAMP COMMENT '浏览时间',
  PRIMARY KEY (`id`) USING BTREE,
  INDEX `idx_post_id`(`post_id` ASC) USING BTREE,
  INDEX `idx_view_time`(`view_time` ASC) USING BTREE,
  INDEX `forum_post_view_log_ibfk_2`(`user_id` ASC) USING BTREE,
  CONSTRAINT `forum_post_view_log_ibfk_1` FOREIGN KEY (`post_id`) REFERENCES `forum_post` (`id`) ON DELETE CASCADE ON UPDATE RESTRICT,
  CONSTRAINT `forum_post_view_log_ibfk_2` FOREIGN KEY (`user_id`) REFERENCES `user` (`id`) ON DELETE SET NULL ON UPDATE RESTRICT
) ENGINE = InnoDB CHARACTER SET = utf8mb4 COLLATE = utf8mb4_0900_ai_ci COMMENT = '帖子浏览记录表' ROW_FORMAT = DYNAMIC;

-- ----------------------------
-- Records of forum_post_view_log
-- ----------------------------

-- ----------------------------
-- Table structure for message
-- ----------------------------
DROP TABLE IF EXISTS `message`;
CREATE TABLE `message`  (
  `id` bigint NOT NULL AUTO_INCREMENT COMMENT '消息ID',
  `sender_id` bigint NULL DEFAULT NULL COMMENT '发送者ID',
  `receiver_id` bigint NOT NULL COMMENT '接收者ID',
  `title` varchar(200) CHARACTER SET utf8mb4 COLLATE utf8mb4_0900_ai_ci NOT NULL COMMENT '消息标题',
  `content` text CHARACTER SET utf8mb4 COLLATE utf8mb4_0900_ai_ci NOT NULL COMMENT '消息内容',
  `type` enum('system','adoption','notification') CHARACTER SET utf8mb4 COLLATE utf8mb4_0900_ai_ci NULL DEFAULT 'system' COMMENT '消息类型',
  `related_id` bigint NULL DEFAULT NULL COMMENT '关联ID（如宠物ID、申请ID等）',
  `is_read` tinyint(1) NULL DEFAULT 0 COMMENT '是否已读：0-未读，1-已读',
  `create_time` datetime NULL DEFAULT CURRENT_TIMESTAMP COMMENT '发送时间',
  PRIMARY KEY (`id`) USING BTREE,
  INDEX `idx_receiver`(`receiver_id` ASC) USING BTREE,
  INDEX `idx_sender`(`sender_id` ASC) USING BTREE,
  INDEX `idx_receiver_read`(`receiver_id` ASC, `is_read` ASC) USING BTREE,
  INDEX `idx_type_related`(`type` ASC, `related_id` ASC) USING BTREE,
  INDEX `idx_receiver_create`(`receiver_id` ASC, `create_time` ASC) USING BTREE,
  CONSTRAINT `message_ibfk_1` FOREIGN KEY (`sender_id`) REFERENCES `user` (`id`) ON DELETE RESTRICT ON UPDATE RESTRICT,
  CONSTRAINT `message_ibfk_2` FOREIGN KEY (`receiver_id`) REFERENCES `user` (`id`) ON DELETE RESTRICT ON UPDATE RESTRICT
) ENGINE = InnoDB AUTO_INCREMENT = 57 CHARACTER SET = utf8mb4 COLLATE = utf8mb4_0900_ai_ci COMMENT = '消息表' ROW_FORMAT = DYNAMIC;

-- ----------------------------
-- Records of message
-- ----------------------------
INSERT INTO `message` VALUES (39, NULL, 5, '新的领养申请', '您发布的宠物「雪球」收到了新的领养申请，请及时审核。', 'system', 21, 1, '2026-03-02 17:13:50');
INSERT INTO `message` VALUES (40, NULL, 9, '申请提交成功', '您的领养申请已成功提交，我们将在3个工作日内审核您的申请。', 'system', 21, 1, '2026-03-02 17:13:50');
INSERT INTO `message` VALUES (41, NULL, 9, '领养申请已通过', '恭喜！您对宠物「雪球」的领养申请已通过审核，请查看并签署领养协议。', 'adoption', 21, 1, '2026-03-02 17:26:12');
INSERT INTO `message` VALUES (42, NULL, 5, '申请审核完成', '您已通过申请ID为 21 的领养申请，协议已自动生成。', 'system', 21, 1, '2026-03-02 17:26:12');
INSERT INTO `message` VALUES (43, NULL, 9, '领养申请已通过', '恭喜！您对宠物「雪球」的领养申请已通过审核，请查看并签署领养协议。', 'adoption', 21, 1, '2026-03-02 17:46:27');
INSERT INTO `message` VALUES (44, NULL, 5, '申请审核完成', '您已通过申请ID为 21 的领养申请，协议已自动生成。', 'system', 21, 1, '2026-03-02 17:46:27');
INSERT INTO `message` VALUES (45, NULL, 9, '领养协议已生成', '您对宠物「null」的领养协议已生成，请及时查看并签署。', 'system', 15, 1, '2026-03-02 17:51:38');
INSERT INTO `message` VALUES (46, NULL, 5, '领养协议已生成', '宠物「null」的领养协议已生成，请及时查看并签署。', 'system', 15, 1, '2026-03-02 17:51:38');
INSERT INTO `message` VALUES (47, NULL, 9, '跟踪计划已创建', '您的领养协议「AD20260302175137919」的跟踪计划已自动创建。计划将在2026年03月09日开始，每60天进行一次跟踪，共6次跟踪。', 'system', 10, 1, '2026-03-02 17:54:32');
INSERT INTO `message` VALUES (48, NULL, 5, '跟踪计划已创建', '协议「AD20260302175137919」的跟踪计划已自动创建，请及时安排跟踪任务。', 'system', 10, 1, '2026-03-02 17:54:32');
INSERT INTO `message` VALUES (49, NULL, 9, '跟踪计划已创建', '您的领养宠物「null」的跟踪计划已创建，我们将定期进行回访。', 'system', 10, 1, '2026-03-02 17:54:32');
INSERT INTO `message` VALUES (50, NULL, 5, '跟踪计划已创建', '宠物「null」的跟踪计划已创建，请按时进行跟踪回访。', 'system', 10, 1, '2026-03-02 17:54:32');
INSERT INTO `message` VALUES (51, NULL, 9, '跟踪计划已创建', '您的领养宠物「null」的跟踪计划已创建，我们将定期进行回访。', 'system', 10, 1, '2026-03-02 17:54:32');
INSERT INTO `message` VALUES (52, NULL, 5, '跟踪计划已创建', '宠物「null」的跟踪计划已创建，请按时进行跟踪回访。', 'system', 10, 1, '2026-03-02 17:54:32');
INSERT INTO `message` VALUES (53, NULL, 9, '协议已生效', '恭喜！您对宠物「null」的领养协议已生效，请善待您的宠物。', 'system', 15, 1, '2026-03-02 17:54:32');
INSERT INTO `message` VALUES (54, NULL, 5, '协议已生效', '宠物「null」的领养协议已生效，领养人：null。', 'system', 15, 1, '2026-03-02 17:54:32');
INSERT INTO `message` VALUES (55, NULL, 9, '协议已终止', '您的领养协议「AD20260302175137919」已被终止。终止原因：关联申请已撤销', 'system', 15, 0, '2026-03-02 19:06:10');
INSERT INTO `message` VALUES (56, NULL, 5, '协议已终止', '领养协议「AD20260302175137919」（宠物：雪球）已被终止。终止原因：关联申请已撤销', 'system', 15, 0, '2026-03-02 19:06:10');
INSERT INTO `message` VALUES (57, NULL, 5, '宠物审核通过', '您发布的宠物「雪球」已通过审核，现已上线可被领养。', 'notification', 2, 0, '2026-03-02 19:44:42');

-- ----------------------------
-- Table structure for pet
-- ----------------------------
DROP TABLE IF EXISTS `pet`;
CREATE TABLE `pet`  (
  `id` bigint NOT NULL AUTO_INCREMENT COMMENT '宠物ID',
  `name` varchar(100) CHARACTER SET utf8mb4 COLLATE utf8mb4_0900_ai_ci NOT NULL COMMENT '宠物名称',
  `category_id` bigint NOT NULL COMMENT '分类ID',
  `breed` varchar(100) CHARACTER SET utf8mb4 COLLATE utf8mb4_0900_ai_ci NULL DEFAULT NULL COMMENT '品种',
  `age` int NULL DEFAULT NULL COMMENT '年龄（月）',
  `gender` enum('male','female','unknown') CHARACTER SET utf8mb4 COLLATE utf8mb4_0900_ai_ci NULL DEFAULT 'unknown' COMMENT '性别',
  `color` varchar(50) CHARACTER SET utf8mb4 COLLATE utf8mb4_0900_ai_ci NULL DEFAULT NULL COMMENT '颜色',
  `size` enum('small','medium','large') CHARACTER SET utf8mb4 COLLATE utf8mb4_0900_ai_ci NULL DEFAULT NULL COMMENT '体型',
  `weight` decimal(5, 2) NULL DEFAULT NULL COMMENT '体重（kg）',
  `description` text CHARACTER SET utf8mb4 COLLATE utf8mb4_0900_ai_ci NULL COMMENT '宠物描述',
  `health_status` varchar(100) CHARACTER SET utf8mb4 COLLATE utf8mb4_0900_ai_ci NULL DEFAULT NULL COMMENT '健康状况',
  `vaccination` varchar(255) CHARACTER SET utf8mb4 COLLATE utf8mb4_0900_ai_ci NULL DEFAULT NULL COMMENT '疫苗接种情况',
  `sterilization` tinyint(1) NULL DEFAULT 0 COMMENT '是否绝育：0-否，1-是',
  `images` text CHARACTER SET utf8mb4 COLLATE utf8mb4_0900_ai_ci NULL COMMENT '宠物图片URLs（JSON格式）',
  `location` varchar(255) CHARACTER SET utf8mb4 COLLATE utf8mb4_0900_ai_ci NULL DEFAULT NULL COMMENT '所在地区',
  `contact_info` varchar(255) CHARACTER SET utf8mb4 COLLATE utf8mb4_0900_ai_ci NULL DEFAULT NULL COMMENT '联系方式',
  `adoption_fee` decimal(10, 2) NULL DEFAULT 0.00 COMMENT '领养费用',
  `status` enum('available','adopted','pending','unavailable') CHARACTER SET utf8mb4 COLLATE utf8mb4_0900_ai_ci NULL DEFAULT 'available',
  `publisher_id` bigint NOT NULL COMMENT '发布者ID',
  `create_time` datetime NULL DEFAULT CURRENT_TIMESTAMP COMMENT '创建时间',
  `update_time` datetime NULL DEFAULT CURRENT_TIMESTAMP ON UPDATE CURRENT_TIMESTAMP COMMENT '更新时间',
  PRIMARY KEY (`id`) USING BTREE,
  INDEX `idx_category`(`category_id` ASC) USING BTREE,
  INDEX `idx_publisher`(`publisher_id` ASC) USING BTREE,
  INDEX `idx_status`(`status` ASC) USING BTREE,
  INDEX `idx_category_status`(`category_id` ASC, `status` ASC) USING BTREE,
  INDEX `idx_status_create`(`status` ASC, `create_time` ASC) USING BTREE,
  INDEX `idx_location_status`(`location` ASC, `status` ASC) USING BTREE,
  INDEX `idx_category_status_create`(`category_id` ASC, `status` ASC, `create_time` DESC) USING BTREE,
  INDEX `idx_status_create_desc`(`status` ASC, `create_time` DESC) USING BTREE,
  INDEX `idx_publisher_status`(`publisher_id` ASC, `status` ASC, `create_time` DESC) USING BTREE,
  INDEX `idx_name`(`name` ASC) USING BTREE,
  FULLTEXT INDEX `ft_search`(`name`, `breed`, `description`),
  CONSTRAINT `pet_ibfk_1` FOREIGN KEY (`category_id`) REFERENCES `pet_category` (`id`) ON DELETE RESTRICT ON UPDATE RESTRICT,
  CONSTRAINT `pet_ibfk_2` FOREIGN KEY (`publisher_id`) REFERENCES `user` (`id`) ON DELETE RESTRICT ON UPDATE RESTRICT
) ENGINE = InnoDB AUTO_INCREMENT = 22 CHARACTER SET = utf8mb4 COLLATE = utf8mb4_0900_ai_ci COMMENT = '宠物信息表' ROW_FORMAT = DYNAMIC;

-- ----------------------------
-- Records of pet
-- ----------------------------
INSERT INTO `pet` VALUES (1, '乐乐', 3, '金毛', 18, 'male', '金色', 'large', 25.50, '性格温顺，适合家庭养育', '健康良好', '已完成三联和狂犬疫苗', 1, '[\"http://localhost:9005/pet-adoption/pet/58ab83fc-fa7b-4522-a0e4-421a9590c39d.png\",\"http://localhost:9005/pet-adoption/pet/a9768486-6c97-49e9-95e4-5430a7d9b6fb.png\"]', '郑州市金水区', '张老师 13900000001', 200.00, 'available', 4, '2026-03-02 15:27:50', '2026-03-02 16:30:59');
INSERT INTO `pet` VALUES (2, '雪球', 4, '英短', 12, 'female', '蓝白', 'medium', 4.20, '安静黏人，适合室内饲养', '健康良好', '已完成常规疫苗', 1, '[\"http://localhost:9005/pet-adoption/pet/92a9b216-3833-4f79-9fed-d687a59ab327.png\",\"http://localhost:9005/pet-adoption/pet/75c07d1a-97ed-48e9-92ff-ac04a14d5f77.png\"]', '郑州市中原区', '李老师 13900000002', 150.00, 'available', 5, '2026-03-02 15:27:50', '2026-03-02 19:44:42');
INSERT INTO `pet` VALUES (3, '豆豆', 2, '柯基', 10, 'male', '棕白', 'medium', 9.80, '活泼好动，喜欢户外活动', '健康良好', '已免疫', 0, '[\"http://localhost:9005/pet-adoption/pet/9d64b60f-a4bc-4c19-9450-f2a43bfefd6b.jpg\",\"http://localhost:9005/pet-adoption/pet/6789b5e6-827e-4ffb-ab28-7c0367d182ac.jpg\"]', '郑州市二七区', '王老师 13900000003', 180.00, 'available', 6, '2026-03-02 15:27:50', '2026-03-02 16:33:30');
INSERT INTO `pet` VALUES (4, '花花', 5, '布偶', 16, 'female', '三花', 'medium', 5.10, '布偶性格温和，亲人友好', '健康良好', '已完成免疫和驱虫', 1, '[\"http://localhost:9005/pet-adoption/pet/601cc04d-a561-4fcf-b1cf-5ae3932618a0.jpg\"]', '郑州市惠济区', '赵老师 13900000004', 300.00, 'available', 7, '2026-03-02 15:27:50', '2026-03-02 16:48:53');
INSERT INTO `pet` VALUES (5, '橙子', 9, '橘猫', 8, 'male', '橘色', 'small', 3.60, '粘人小橘，适合独居青年', '健康良好', '已免疫', 0, '[\"http://localhost:9005/pet-adoption/pet/e818a8b7-20dd-496f-a622-b1aa198873da.png\",\"http://localhost:9005/pet-adoption/pet/8b3a824c-17be-40c4-b1c0-54aec5b41ef6.png\"]', '郑州市管城区', '刘老师 13900000005', 100.00, 'available', 8, '2026-03-02 15:27:50', '2026-03-02 16:28:25');
INSERT INTO `pet` VALUES (6, '奶茶', 3, '萨摩耶', 6, 'female', '白色', 'large', 3.20, '大型犬，性格活泼，好动', '健康良好', '已免疫', 0, '[\"http://localhost:9005/pet-adoption/pet/b95d756e-3789-4dda-9fe4-f0f3cee54f99.png\",\"http://localhost:9005/pet-adoption/pet/a4c9fe01-0e7f-432a-834c-be2503c04164.png\"]', '郑州市金水区', '张老师 13900000001', 120.00, 'available', 4, '2026-03-02 15:27:50', '2026-03-02 16:49:47');
INSERT INTO `pet` VALUES (7, '果冻', 9, '狸花', 4, 'female', '虎斑', 'small', 2.80, '亲人小猫咪，机灵好动。', '健康良好', '已免疫', 0, '[\"http://localhost:9005/pet-adoption/pet/47542d17-2be8-498f-9c73-53741f8aa91a.jpg\",\"http://localhost:9005/pet-adoption/pet/8b058665-316c-4a20-8beb-444515fe99be.jpg\"]', '郑州市中原区', '李老师 13900000002', 80.00, 'available', 5, '2026-03-02 15:27:50', '2026-03-02 16:50:34');
INSERT INTO `pet` VALUES (8, '虎子', 6, '中华田园犬', 30, 'male', '黄白', 'medium', 18.00, '退役看门犬，警觉性高', '健康良好', '已免疫', 1, '[\"http://localhost:9005/pet-adoption/pet/17361547-3e5d-4560-ad98-766ce96a19a7.png\",\"http://localhost:9005/pet-adoption/pet/1fb9595f-f396-48e4-a384-f80f99f24fa9.png\"]', '郑州市二七区', '王老师 13900000003', 0.00, 'available', 6, '2026-03-02 15:27:50', '2026-03-02 16:30:38');
INSERT INTO `pet` VALUES (9, '咪咪', 7, '英短', 30, 'female', '蓝灰', 'medium', 4.50, '老年猫，需要安静家庭', '轻度关节炎', '已免疫', 1, '[\"http://localhost:9005/pet-adoption/pet/6b7b7a21-5db5-46b4-912d-ae95cf527c31.png\",\"http://localhost:9005/pet-adoption/pet/6d8aeaee-bfaa-4d72-a79f-580cba5f14a8.png\"]', '郑州市惠济区', '赵老师 13900000004', 0.00, 'available', 7, '2026-03-02 15:27:50', '2026-03-02 16:38:23');
INSERT INTO `pet` VALUES (10, '小黑', 10, '混血犬', 24, 'male', '黑色', 'medium', 12.30, '一只需要特别关怀的狗狗，后腿稍弱', '可正常行走', '已免疫', 1, '[\"http://localhost:9005/pet-adoption/pet/c69fc523-cf8d-40b6-9e27-19a2a77fd296.jpg\"]', '郑州市管城区', '刘老师 13900000005', 0.00, 'available', 8, '2026-03-02 15:27:50', '2026-03-02 16:39:22');
INSERT INTO `pet` VALUES (11, '拉拉', 3, '拉布拉多', 20, 'female', '奶油色', 'large', 26.00, '热情友好，适合亲子家庭', '健康良好', '已免疫', 1, NULL, '郑州市金水区', '张老师 13900000001', 220.00, 'available', 4, '2026-03-02 15:27:50', '2026-03-02 15:27:50');
INSERT INTO `pet` VALUES (12, '可可', 4, '美短', 14, 'female', '银虎斑', 'small', 3.90, '胆小粘人，需要耐心陪伴', '健康良好', '已免疫', 0, NULL, '郑州市中原区', '李老师 13900000002', 160.00, 'available', 5, '2026-03-02 15:27:50', '2026-03-02 15:27:50');
INSERT INTO `pet` VALUES (13, '毛豆', 2, '边牧', 18, 'male', '黑白', 'medium', 15.20, '聪明好学，需要较多运动', '健康良好', '已免疫', 0, NULL, '郑州市二七区', '王老师 13900000003', 260.00, 'available', 6, '2026-03-02 15:27:50', '2026-03-02 15:27:50');
INSERT INTO `pet` VALUES (14, '小七', 9, '狸花', 5, 'male', '灰白', 'small', 2.50, '爱玩的小猫咪', '健康良好', '已免疫', 0, NULL, '郑州市惠济区', '赵老师 13900000004', 90.00, 'available', 7, '2026-03-02 15:27:50', '2026-03-02 15:27:50');
INSERT INTO `pet` VALUES (15, '糖糖', 8, '比熊', 7, 'female', '白色', 'small', 3.40, '活泼可爱，亲人', '健康良好', '已免疫', 0, NULL, '郑州市管城区', '刘老师 13900000005', 180.00, 'available', 8, '2026-03-02 15:27:50', '2026-03-02 15:27:50');
INSERT INTO `pet` VALUES (16, '墨墨', 5, '波斯猫', 20, 'male', '黑色', 'medium', 4.80, '长毛猫，需要定期梳理', '健康良好', '已免疫', 1, NULL, '郑州市金水区', '张老师 13900000001', 300.00, 'available', 4, '2026-03-02 15:27:50', '2026-03-02 15:27:50');
INSERT INTO `pet` VALUES (17, '豆花', 1, '吉娃娃', 9, 'female', '奶油色', 'small', 2.10, '胆小但粘人，适合室内', '健康良好', '已免疫', 0, NULL, '郑州市中原区', '李老师 13900000002', 140.00, 'available', 5, '2026-03-02 15:27:50', '2026-03-02 15:27:50');
INSERT INTO `pet` VALUES (18, '布丁', 9, '布偶', 11, 'male', '重点色', 'medium', 4.70, '爱撒娇的布偶猫', '健康良好', '已免疫', 0, NULL, '郑州市二七区', '王老师 13900000003', 320.00, 'available', 6, '2026-03-02 15:27:50', '2026-03-02 15:27:50');
INSERT INTO `pet` VALUES (19, '丸子', 11, '豚鼠', 6, 'unknown', '花色', 'small', 0.60, '适合初次养宠用户', '健康良好', '已免疫', 0, NULL, '郑州市惠济区', '赵老师 13900000004', 50.00, 'available', 7, '2026-03-02 15:27:50', '2026-03-02 15:27:50');
INSERT INTO `pet` VALUES (20, '小羽', 12, '虎皮鹦鹉', 4, 'unknown', '绿色', 'small', 0.10, '易于饲养的鸟类', '健康良好', '已免疫', 0, NULL, '郑州市管城区', '刘老师 13900000005', 60.00, 'available', 8, '2026-03-02 15:27:50', '2026-03-02 15:27:50');
INSERT INTO `pet` VALUES (21, '壳壳', 13, '巴西龟', 36, 'unknown', '绿色', 'small', 1.20, '需要水陆环境', '健康良好', '已免疫', 0, NULL, '郑州市管城区', '刘老师 13900000005', 40.00, 'available', 8, '2026-03-02 15:27:50', '2026-03-02 15:27:50');
INSERT INTO `pet` VALUES (22, 'lucky', 1, '比熊', 2, 'male', '白色', 'small', 2.00, '它性格温顺，机灵活泼。', '健康', '未接种', 0, '[\"http://localhost:9005/pet-adoption/pet/31a0f848-4df2-40a2-9410-a9f416944665.png\",\"http://localhost:9005/pet-adoption/pet/506458c7-6e49-4dee-8be5-28d9614d8461.png\"]', '郑州市金水区79号', '17709336134', 0.00, 'pending', 5, NULL, NULL);

-- ----------------------------
-- Table structure for pet_category
-- ----------------------------
DROP TABLE IF EXISTS `pet_category`;
CREATE TABLE `pet_category`  (
  `id` bigint NOT NULL AUTO_INCREMENT COMMENT '分类ID',
  `name` varchar(50) CHARACTER SET utf8mb4 COLLATE utf8mb4_0900_ai_ci NOT NULL COMMENT '分类名称',
  `description` text CHARACTER SET utf8mb4 COLLATE utf8mb4_0900_ai_ci NULL COMMENT '分类描述',
  `sort` int NULL DEFAULT 0 COMMENT '排序',
  `status` int NULL DEFAULT 1 COMMENT '状态：0-禁用，1-启用',
  `create_time` datetime NULL DEFAULT CURRENT_TIMESTAMP COMMENT '创建时间',
  `update_time` datetime NULL DEFAULT CURRENT_TIMESTAMP ON UPDATE CURRENT_TIMESTAMP COMMENT '更新时间',
  PRIMARY KEY (`id`) USING BTREE,
  UNIQUE INDEX `uk_name`(`name` ASC) USING BTREE,
  INDEX `idx_status_sort`(`status` ASC, `sort` ASC) USING BTREE
) ENGINE = InnoDB AUTO_INCREMENT = 21 CHARACTER SET = utf8mb4 COLLATE = utf8mb4_0900_ai_ci COMMENT = '宠物分类表' ROW_FORMAT = DYNAMIC;

-- ----------------------------
-- Records of pet_category
-- ----------------------------
INSERT INTO `pet_category` VALUES (1, '小型犬', '体型较小的犬类，如吉娃娃、博美等', 1, 1, '2026-03-02 15:27:50', '2026-03-02 15:27:50');
INSERT INTO `pet_category` VALUES (2, '中型犬', '体型中等的犬类，如柯基、边牧等', 2, 1, '2026-03-02 15:27:50', '2026-03-02 15:27:50');
INSERT INTO `pet_category` VALUES (3, '大型犬', '体型较大的犬类，如金毛、拉布拉多等', 3, 1, '2026-03-02 15:27:50', '2026-03-02 15:27:50');
INSERT INTO `pet_category` VALUES (4, '短毛猫', '短毛品种猫，如美短、英短等', 4, 1, '2026-03-02 15:27:50', '2026-03-02 15:27:50');
INSERT INTO `pet_category` VALUES (5, '长毛猫', '长毛品种猫，如金吉拉、布偶等', 5, 1, '2026-03-02 15:27:50', '2026-03-02 15:27:50');
INSERT INTO `pet_category` VALUES (6, '老年犬', '年龄较大的犬只', 6, 1, '2026-03-02 15:27:50', '2026-03-02 15:27:50');
INSERT INTO `pet_category` VALUES (7, '老年猫', '年龄较大的猫咪', 7, 1, '2026-03-02 15:27:50', '2026-03-02 15:27:50');
INSERT INTO `pet_category` VALUES (8, '幼犬', '3 个月以内的幼犬', 8, 1, '2026-03-02 15:27:50', '2026-03-02 15:27:50');
INSERT INTO `pet_category` VALUES (9, '幼猫', '3 个月以内的幼猫', 9, 1, '2026-03-02 15:27:50', '2026-03-02 15:27:50');
INSERT INTO `pet_category` VALUES (10, '特殊关怀', '残疾或需要特别照顾的宠物', 10, 1, '2026-03-02 15:27:50', '2026-03-02 15:27:50');
INSERT INTO `pet_category` VALUES (11, '小型啮齿类', '如仓鼠、豚鼠等', 11, 1, '2026-03-02 15:27:50', '2026-03-02 15:27:50');
INSERT INTO `pet_category` VALUES (12, '鸟类', '观赏鸟、宠物鸟等', 12, 1, '2026-03-02 15:27:50', '2026-03-02 15:27:50');
INSERT INTO `pet_category` VALUES (13, '爬行类', '乌龟、蜥蜴等', 13, 1, '2026-03-02 15:27:50', '2026-03-02 15:27:50');
INSERT INTO `pet_category` VALUES (14, '室外犬', '适合庭院饲养的犬只', 14, 1, '2026-03-02 15:27:50', '2026-03-02 15:27:50');
INSERT INTO `pet_category` VALUES (15, '室内猫', '适合室内饲养的猫咪', 15, 1, '2026-03-02 15:27:50', '2026-03-02 15:27:50');
INSERT INTO `pet_category` VALUES (16, '工作犬', '如导盲犬、搜救犬等退役犬', 16, 1, '2026-03-02 15:27:50', '2026-03-02 15:27:50');
INSERT INTO `pet_category` VALUES (17, '性格温顺', '性格温和、适合家庭的宠物', 17, 1, '2026-03-02 15:27:50', '2026-03-02 15:27:50');
INSERT INTO `pet_category` VALUES (18, '活泼好动', '精力充沛、需要较多运动', 18, 1, '2026-03-02 15:27:50', '2026-03-02 15:27:50');
INSERT INTO `pet_category` VALUES (19, '亲子友好', '适合有孩子家庭的宠物', 19, 1, '2026-03-02 15:27:50', '2026-03-02 15:27:50');
INSERT INTO `pet_category` VALUES (20, '独居友好', '适合独居青年陪伴', 20, 1, '2026-03-02 15:27:50', '2026-03-02 15:27:50');
INSERT INTO `pet_category` VALUES (21, '其他', '无法归类的其他宠物', 99, 1, '2026-03-02 15:27:50', '2026-03-02 15:27:50');

-- ----------------------------
-- Table structure for pet_statistics
-- ----------------------------
DROP TABLE IF EXISTS `pet_statistics`;
CREATE TABLE `pet_statistics`  (
  `id` bigint NOT NULL AUTO_INCREMENT,
  `total_pets` int NULL DEFAULT 0 COMMENT '宠物总数',
  `available_pets` int NULL DEFAULT 0 COMMENT '可领养宠物数',
  `adopted_pets` int NULL DEFAULT 0 COMMENT '已领养宠物数',
  `pending_pets` int NULL DEFAULT 0 COMMENT '待审核宠物数',
  `pets_by_category` json NULL COMMENT '按分类统计',
  `update_time` datetime NULL DEFAULT CURRENT_TIMESTAMP ON UPDATE CURRENT_TIMESTAMP,
  PRIMARY KEY (`id`) USING BTREE
) ENGINE = InnoDB AUTO_INCREMENT = 1 CHARACTER SET = utf8mb4 COLLATE = utf8mb4_0900_ai_ci COMMENT = '宠物统计表' ROW_FORMAT = Dynamic;

-- ----------------------------
-- Records of pet_statistics
-- ----------------------------
INSERT INTO `pet_statistics` VALUES (1, 10, 8, 2, 0, NULL, '2025-11-09 12:40:35');

-- ----------------------------
-- Table structure for post_adoption_tracking
-- ----------------------------
DROP TABLE IF EXISTS `post_adoption_tracking`;
CREATE TABLE `post_adoption_tracking`  (
  `id` bigint NOT NULL AUTO_INCREMENT COMMENT '主键ID',
  `agreement_id` bigint NOT NULL COMMENT '协议ID',
  `tracking_type` varchar(50) CHARACTER SET utf8mb4 COLLATE utf8mb4_0900_ai_ci NOT NULL COMMENT '跟踪类型',
  `tracking_date` datetime NOT NULL COMMENT '跟踪日期',
  `tracker_id` bigint NOT NULL COMMENT '跟踪员ID',
  `tracking_method` varchar(50) CHARACTER SET utf8mb4 COLLATE utf8mb4_0900_ai_ci NULL DEFAULT NULL COMMENT '跟踪方式',
  `pet_health_status` varchar(100) CHARACTER SET utf8mb4 COLLATE utf8mb4_0900_ai_ci NULL DEFAULT NULL COMMENT '宠物健康状态',
  `pet_behavior_status` varchar(100) CHARACTER SET utf8mb4 COLLATE utf8mb4_0900_ai_ci NULL DEFAULT NULL COMMENT '宠物行为状态',
  `pet_weight` decimal(5, 2) NULL DEFAULT NULL COMMENT '宠物体重',
  `pet_photos` text CHARACTER SET utf8mb4 COLLATE utf8mb4_0900_ai_ci NULL COMMENT '宠物照片',
  `living_environment` text CHARACTER SET utf8mb4 COLLATE utf8mb4_0900_ai_ci NULL COMMENT '生活环境',
  `care_situation` text CHARACTER SET utf8mb4 COLLATE utf8mb4_0900_ai_ci NULL COMMENT '照顾情况',
  `adopter_feedback` text CHARACTER SET utf8mb4 COLLATE utf8mb4_0900_ai_ci NULL COMMENT '领养人反馈',
  `satisfaction_score` int NULL DEFAULT NULL COMMENT '满意度评分',
  `issues_found` text CHARACTER SET utf8mb4 COLLATE utf8mb4_0900_ai_ci NULL COMMENT '发现的问题',
  `suggestions` text CHARACTER SET utf8mb4 COLLATE utf8mb4_0900_ai_ci NULL COMMENT '建议',
  `next_tracking_date` datetime NULL DEFAULT NULL COMMENT '下次跟踪日期',
  `status` enum('scheduled','in_progress','completed','cancelled','overdue') CHARACTER SET utf8mb4 COLLATE utf8mb4_0900_ai_ci NULL DEFAULT 'scheduled' COMMENT '跟踪状态',
  `create_time` datetime NULL DEFAULT CURRENT_TIMESTAMP COMMENT '创建时间',
  `update_time` datetime NULL DEFAULT CURRENT_TIMESTAMP ON UPDATE CURRENT_TIMESTAMP COMMENT '更新时间',
  PRIMARY KEY (`id`) USING BTREE,
  INDEX `idx_agreement_id`(`agreement_id` ASC) USING BTREE,
  INDEX `idx_tracker_id`(`tracker_id` ASC) USING BTREE,
  INDEX `idx_tracking_type`(`tracking_type` ASC) USING BTREE,
  INDEX `idx_tracking_date`(`tracking_date` ASC) USING BTREE,
  INDEX `idx_status`(`status` ASC) USING BTREE,
  INDEX `idx_status_tracking_date`(`status` ASC, `tracking_date` ASC) USING BTREE,
  CONSTRAINT `post_adoption_tracking_ibfk_1` FOREIGN KEY (`agreement_id`) REFERENCES `adoption_agreement` (`id`) ON DELETE RESTRICT ON UPDATE RESTRICT,
  CONSTRAINT `post_adoption_tracking_ibfk_2` FOREIGN KEY (`tracker_id`) REFERENCES `user` (`id`) ON DELETE RESTRICT ON UPDATE RESTRICT
) ENGINE = InnoDB AUTO_INCREMENT = 17 CHARACTER SET = utf8mb4 COLLATE = utf8mb4_0900_ai_ci COMMENT = '领养后跟踪记录表' ROW_FORMAT = DYNAMIC;

-- ----------------------------
-- Records of post_adoption_tracking
-- ----------------------------
INSERT INTO `post_adoption_tracking` VALUES (17, 15, 'initial', '2026-03-09 17:54:32', 5, 'phone', NULL, NULL, NULL, NULL, NULL, NULL, NULL, NULL, NULL, NULL, NULL, 'scheduled', '2026-03-02 17:54:32', '2026-03-02 17:54:32');

-- ----------------------------
-- Table structure for report
-- ----------------------------
DROP TABLE IF EXISTS `report`;
CREATE TABLE `report`  (
  `id` bigint NOT NULL AUTO_INCREMENT COMMENT '举报ID',
  `reporter_id` bigint NOT NULL COMMENT '举报人ID',
  `target_type` varchar(50) CHARACTER SET utf8mb4 COLLATE utf8mb4_0900_ai_ci NOT NULL COMMENT '目标类型（pet-宠物，user-用户，application-申请，post-帖子，comment-评论）',
  `target_id` bigint NOT NULL COMMENT '举报对象ID',
  `reason` varchar(100) CHARACTER SET utf8mb4 COLLATE utf8mb4_0900_ai_ci NOT NULL COMMENT '举报原因',
  `description` text CHARACTER SET utf8mb4 COLLATE utf8mb4_0900_ai_ci NULL COMMENT '举报描述',
  `evidence` text CHARACTER SET utf8mb4 COLLATE utf8mb4_0900_ai_ci NULL COMMENT '证据（图片URLs）',
  `status` enum('pending','processing','resolved','rejected') CHARACTER SET utf8mb4 COLLATE utf8mb4_0900_ai_ci NULL DEFAULT 'pending' COMMENT '处理状态',
  `reviewer_id` bigint NULL DEFAULT NULL COMMENT '处理人ID',
  `review_time` datetime NULL DEFAULT NULL COMMENT '处理时间',
  `review_comment` text CHARACTER SET utf8mb4 COLLATE utf8mb4_0900_ai_ci NULL COMMENT '处理意见',
  `create_time` datetime NULL DEFAULT CURRENT_TIMESTAMP COMMENT '举报时间',
  PRIMARY KEY (`id`) USING BTREE,
  INDEX `idx_reporter`(`reporter_id` ASC) USING BTREE,
  INDEX `idx_target`(`target_type` ASC, `target_id` ASC) USING BTREE,
  INDEX `idx_reviewer_id`(`reviewer_id` ASC) USING BTREE,
  CONSTRAINT `report_ibfk_1` FOREIGN KEY (`reporter_id`) REFERENCES `user` (`id`) ON DELETE RESTRICT ON UPDATE RESTRICT,
  CONSTRAINT `report_ibfk_2` FOREIGN KEY (`reviewer_id`) REFERENCES `user` (`id`) ON DELETE RESTRICT ON UPDATE RESTRICT
) ENGINE = InnoDB CHARACTER SET = utf8mb4 COLLATE = utf8mb4_0900_ai_ci COMMENT = '举报表' ROW_FORMAT = DYNAMIC;

-- ----------------------------
-- Records of report
-- ----------------------------

-- ----------------------------
-- Table structure for system_config
-- ----------------------------
DROP TABLE IF EXISTS `system_config`;
CREATE TABLE `system_config`  (
  `id` bigint NOT NULL AUTO_INCREMENT COMMENT '系统配置中心表',
  `category` varchar(50) CHARACTER SET utf8mb4 COLLATE utf8mb4_0900_ai_ci NULL DEFAULT NULL,
  `config_key` varchar(100) CHARACTER SET utf8mb4 COLLATE utf8mb4_0900_ai_ci NOT NULL,
  `config_type` varchar(20) CHARACTER SET utf8mb4 COLLATE utf8mb4_0900_ai_ci NULL DEFAULT NULL,
  `config_value` text CHARACTER SET utf8mb4 COLLATE utf8mb4_0900_ai_ci NULL,
  `create_time` datetime NULL DEFAULT CURRENT_TIMESTAMP,
  `description` varchar(255) CHARACTER SET utf8mb4 COLLATE utf8mb4_0900_ai_ci NULL DEFAULT NULL,
  `update_time` datetime NULL DEFAULT NULL ON UPDATE CURRENT_TIMESTAMP,
  PRIMARY KEY (`id`) USING BTREE,
  UNIQUE INDEX `UK_npsxm1erd0lbetjn5d3ayrsof`(`config_key` ASC) USING BTREE
) ENGINE = InnoDB CHARACTER SET = utf8mb4 COLLATE = utf8mb4_0900_ai_ci ROW_FORMAT = DYNAMIC;

-- ----------------------------
-- Records of system_config
-- ----------------------------

-- ----------------------------
-- Table structure for tracking_plan
-- ----------------------------
DROP TABLE IF EXISTS `tracking_plan`;
CREATE TABLE `tracking_plan`  (
  `id` bigint NOT NULL AUTO_INCREMENT COMMENT '主键ID',
  `agreement_id` bigint NOT NULL COMMENT '协议ID',
  `plan_name` varchar(100) CHARACTER SET utf8mb4 COLLATE utf8mb4_0900_ai_ci NULL DEFAULT NULL COMMENT '计划名称',
  `tracking_frequency` int NOT NULL COMMENT '跟踪频率（天数）',
  `total_tracking_count` int NOT NULL COMMENT '总跟踪次数',
  `completed_tracking_count` int NULL DEFAULT 0 COMMENT '已完成跟踪次数',
  `start_date` datetime NOT NULL COMMENT '开始日期',
  `end_date` datetime NULL DEFAULT NULL COMMENT '结束日期',
  `next_tracking_date` datetime NULL DEFAULT NULL COMMENT '下次跟踪日期',
  `tracking_method` varchar(50) CHARACTER SET utf8mb4 COLLATE utf8mb4_0900_ai_ci NULL DEFAULT NULL COMMENT '跟踪方式',
  `tracker_id` bigint NOT NULL COMMENT '跟踪员ID',
  `auto_schedule` tinyint(1) NULL DEFAULT 1 COMMENT '是否自动安排',
  `reminder_enabled` tinyint(1) NULL DEFAULT 1 COMMENT '是否启用提醒',
  `reminder_days` int NULL DEFAULT 3 COMMENT '提醒提前天数',
  `plan_description` text CHARACTER SET utf8mb4 COLLATE utf8mb4_0900_ai_ci NULL COMMENT '计划描述',
  `status` enum('active','paused','completed','cancelled') CHARACTER SET utf8mb4 COLLATE utf8mb4_0900_ai_ci NULL DEFAULT 'active' COMMENT '计划状态',
  `create_time` datetime NULL DEFAULT CURRENT_TIMESTAMP COMMENT '创建时间',
  `update_time` datetime NULL DEFAULT CURRENT_TIMESTAMP ON UPDATE CURRENT_TIMESTAMP COMMENT '更新时间',
  PRIMARY KEY (`id`) USING BTREE,
  INDEX `idx_agreement_id`(`agreement_id` ASC) USING BTREE,
  INDEX `idx_tracker_id`(`tracker_id` ASC) USING BTREE,
  INDEX `idx_status`(`status` ASC) USING BTREE,
  INDEX `idx_next_tracking_date`(`next_tracking_date` ASC) USING BTREE,
  INDEX `idx_status_next_tracking`(`status` ASC, `next_tracking_date` ASC) USING BTREE,
  INDEX `idx_tracker_status`(`tracker_id` ASC, `status` ASC) USING BTREE,
  CONSTRAINT `tracking_plan_ibfk_1` FOREIGN KEY (`agreement_id`) REFERENCES `adoption_agreement` (`id`) ON DELETE RESTRICT ON UPDATE RESTRICT,
  CONSTRAINT `tracking_plan_ibfk_2` FOREIGN KEY (`tracker_id`) REFERENCES `user` (`id`) ON DELETE RESTRICT ON UPDATE RESTRICT
) ENGINE = InnoDB AUTO_INCREMENT = 10 CHARACTER SET = utf8mb4 COLLATE = utf8mb4_0900_ai_ci COMMENT = '跟踪计划表' ROW_FORMAT = DYNAMIC;

-- ----------------------------
-- Records of tracking_plan
-- ----------------------------
INSERT INTO `tracking_plan` VALUES (10, 15, '雪球成长期跟踪计划', 60, 6, 0, '2026-03-09 17:54:32', '2027-03-02 17:54:32', '2026-05-08 17:54:32', 'phone', 5, 1, 1, 3, '成长期宠物「雪球」跟踪计划，关注适应情况和行为习惯，每60天跟踪一次，共6次。', 'active', '2026-03-02 17:54:32', '2026-03-02 17:54:32');

-- ----------------------------
-- Table structure for user
-- ----------------------------
DROP TABLE IF EXISTS `user`;
CREATE TABLE `user`  (
  `id` bigint NOT NULL AUTO_INCREMENT COMMENT '用户ID',
  `username` varchar(50) CHARACTER SET utf8mb4 COLLATE utf8mb4_0900_ai_ci NOT NULL COMMENT '用户名',
  `password` varchar(255) CHARACTER SET utf8mb4 COLLATE utf8mb4_0900_ai_ci NOT NULL COMMENT '密码',
  `nickname` varchar(50) CHARACTER SET utf8mb4 COLLATE utf8mb4_0900_ai_ci NULL DEFAULT NULL COMMENT '昵称',
  `phone` varchar(20) CHARACTER SET utf8mb4 COLLATE utf8mb4_0900_ai_ci NULL DEFAULT NULL COMMENT '手机号',
  `email` varchar(100) CHARACTER SET utf8mb4 COLLATE utf8mb4_0900_ai_ci NULL DEFAULT NULL COMMENT '邮箱',
  `avatar` varchar(255) CHARACTER SET utf8mb4 COLLATE utf8mb4_0900_ai_ci NULL DEFAULT NULL COMMENT '头像URL',
  `role` enum('adopter','organization','admin') CHARACTER SET utf8mb4 COLLATE utf8mb4_0900_ai_ci NULL DEFAULT 'adopter' COMMENT '角色：adopter-领养人，organization-三方机构，admin-管理员',
  `status` tinyint(1) NULL DEFAULT 1 COMMENT '状态：0-禁用，1-正常',
  `organization_name` varchar(200) CHARACTER SET utf8mb4 COLLATE utf8mb4_0900_ai_ci NULL DEFAULT NULL COMMENT '机构名称（仅三方机构使用）',
  `organization_type` varchar(100) CHARACTER SET utf8mb4 COLLATE utf8mb4_0900_ai_ci NULL DEFAULT NULL COMMENT '机构类型',
  `license_number` varchar(100) CHARACTER SET utf8mb4 COLLATE utf8mb4_0900_ai_ci NULL DEFAULT NULL COMMENT '营业执照号',
  `contact_person` varchar(50) CHARACTER SET utf8mb4 COLLATE utf8mb4_0900_ai_ci NULL DEFAULT NULL COMMENT '联系人',
  `organization_address` varchar(255) CHARACTER SET utf8mb4 COLLATE utf8mb4_0900_ai_ci NULL DEFAULT NULL COMMENT '机构地址',
  `organization_description` text CHARACTER SET utf8mb4 COLLATE utf8mb4_0900_ai_ci NULL COMMENT '机构描述',
  `create_time` datetime NULL DEFAULT CURRENT_TIMESTAMP COMMENT '创建时间',
  `update_time` datetime NULL DEFAULT CURRENT_TIMESTAMP ON UPDATE CURRENT_TIMESTAMP COMMENT '更新时间',
  PRIMARY KEY (`id`) USING BTREE,
  UNIQUE INDEX `username`(`username` ASC) USING BTREE,
  INDEX `idx_role_status`(`role` ASC, `status` ASC) USING BTREE,
  INDEX `idx_phone`(`phone` ASC) USING BTREE,
  INDEX `idx_email`(`email` ASC) USING BTREE,
  INDEX `idx_status`(`status` ASC) USING BTREE,
  INDEX `idx_create_time`(`create_time` DESC) USING BTREE,
  INDEX `idx_organization_name`(`organization_name` ASC) USING BTREE
) ENGINE = InnoDB AUTO_INCREMENT = 28 CHARACTER SET = utf8mb4 COLLATE = utf8mb4_0900_ai_ci COMMENT = '用户表' ROW_FORMAT = DYNAMIC;

-- ----------------------------
-- Records of user
-- ----------------------------
INSERT INTO `user` VALUES (1, 'admin01', 'e10adc3949ba59abbe56e057f20f883e', '管理员01', '13800000001', 'admin01@example.com', 'http://localhost:9005/pet-adoption/avatar/180cb0d8-f486-4f79-83d7-93a7094e7c82.jpg', 'admin', 1, NULL, NULL, NULL, NULL, NULL, NULL, '2026-03-02 15:27:50', '2026-03-02 16:19:33');
INSERT INTO `user` VALUES (4, 'org01', 'e10adc3949ba59abbe56e057f20f883e', '爱宠之家', '13900000001', 'org01@example.com', 'http://localhost:9005/pet-adoption/avatar/7f7748cb-a2c4-4cf6-9da3-f2b6e9552d9f.jpg', 'organization', 1, '爱宠之家救助中心', '民间救助站', 'LIC-001', '张老师', '郑州市金水区A路1号', '专注流浪犬救助与领养服务', '2026-03-02 15:27:50', '2026-03-02 16:24:47');
INSERT INTO `user` VALUES (5, 'org02', 'e10adc3949ba59abbe56e057f20f883e', '暖心驿站', '13900000002', 'org02@example.com', 'http://localhost:9005/pet-adoption/avatar/f1b40a17-d78b-4888-80d4-8c782f91526a.jpg', 'organization', 1, '暖心驿站流浪动物中心', '民办非企业', 'LIC-002', '李老师', '郑州市中原区B路2号', '主要收容流浪猫并提供领养', '2026-03-02 15:27:50', '2026-03-02 17:23:15');
INSERT INTO `user` VALUES (6, 'org03', 'e10adc3949ba59abbe56e057f20f883e', '城市尾巴', '13900000003', 'org03@example.com', 'http://localhost:9005/pet-adoption/avatar/21158151-4730-4ca0-b250-20fa6a9572d4.jpg', 'organization', 1, '城市尾巴动物保护协会', '社会组织', 'LIC-003', '王老师', '郑州市二七区C路3号', '提供疫苗绝育与领养服务', '2026-03-02 15:27:50', '2026-03-02 17:23:18');
INSERT INTO `user` VALUES (7, 'org04', 'e10adc3949ba59abbe56e057f20f883e', '流浪星球', '13900000004', 'org04@example.com', 'http://localhost:9005/pet-adoption/avatar/37f7ddba-5ab6-4160-bd67-d6fbe003fc86.jpg', 'organization', 1, '流浪星球救助联盟', '联合救助', 'LIC-004', '赵老师', '郑州市惠济区D路4号', '多机构联合救助平台', '2026-03-02 15:27:50', '2026-03-02 17:23:20');
INSERT INTO `user` VALUES (8, 'org05', 'e10adc3949ba59abbe56e057f20f883e', '小动物之家', '13900000005', 'org05@example.com', 'http://localhost:9005/pet-adoption/avatar/d11f5926-7749-471d-87e9-88c3791219cf.jpg', 'organization', 1, '小动物之家公益中心', '公益组织', 'LIC-005', '刘老师', '郑州市管城区E路5号', '面向老年人与家庭的宠物领养', '2026-03-02 15:27:50', '2026-03-02 17:23:23');
INSERT INTO `user` VALUES (9, 'adopter01', 'e10adc3949ba59abbe56e057f20f883e', '烟雨', '13700000001', 'u01@example.com', 'http://localhost:9005/pet-adoption/avatar/3c450800-a37e-453a-af66-7aae2ffe7af7.jpg', 'adopter', 1, '', '', '', '', '', '', '2026-03-02 15:27:50', '2026-03-02 17:15:24');
INSERT INTO `user` VALUES (10, 'adopter02', 'e10adc3949ba59abbe56e057f20f883e', '领养人02', '13700000002', 'u02@example.com', 'http://localhost:9005/pet-adoption/avatar/d76101d1-e612-411b-bf2a-ec7a4debb27e.jpg', 'adopter', 1, NULL, NULL, NULL, NULL, NULL, NULL, '2026-03-02 15:27:50', '2026-03-02 17:23:26');
INSERT INTO `user` VALUES (11, 'adopter03', 'e10adc3949ba59abbe56e057f20f883e', '领养人03', '13700000003', 'u03@example.com', 'http://localhost:9005/pet-adoption/avatar/324c38cc-89f5-421d-aad3-53c648db8f28.jpg', 'adopter', 1, NULL, NULL, NULL, NULL, NULL, NULL, '2026-03-02 15:27:50', '2026-03-02 17:23:29');
INSERT INTO `user` VALUES (12, 'adopter04', 'e10adc3949ba59abbe56e057f20f883e', '领养人04', '13700000004', 'u04@example.com', 'http://localhost:9005/pet-adoption/avatar/41455662-57cc-4982-9992-b680dddc5aae.jpg', 'adopter', 1, NULL, NULL, NULL, NULL, NULL, NULL, '2026-03-02 15:27:50', '2026-03-02 16:23:21');
INSERT INTO `user` VALUES (13, 'adopter05', 'e10adc3949ba59abbe56e057f20f883e', '领养人05', '13700000005', 'u05@example.com', NULL, 'adopter', 1, NULL, NULL, NULL, NULL, NULL, NULL, '2026-03-02 15:27:50', '2026-03-02 15:27:50');
INSERT INTO `user` VALUES (14, 'adopter06', 'e10adc3949ba59abbe56e057f20f883e', '领养人06', '13700000006', 'u06@example.com', NULL, 'adopter', 1, NULL, NULL, NULL, NULL, NULL, NULL, '2026-03-02 15:27:50', '2026-03-02 15:27:50');
INSERT INTO `user` VALUES (15, 'adopter07', 'e10adc3949ba59abbe56e057f20f883e', '领养人07', '13700000007', 'u07@example.com', NULL, 'adopter', 1, NULL, NULL, NULL, NULL, NULL, NULL, '2026-03-02 15:27:50', '2026-03-02 15:27:50');
INSERT INTO `user` VALUES (16, 'adopter08', 'e10adc3949ba59abbe56e057f20f883e', '领养人08', '13700000008', 'u08@example.com', NULL, 'adopter', 1, NULL, NULL, NULL, NULL, NULL, NULL, '2026-03-02 15:27:50', '2026-03-02 15:27:50');
INSERT INTO `user` VALUES (17, 'adopter09', 'e10adc3949ba59abbe56e057f20f883e', '领养人09', '13700000009', 'u09@example.com', NULL, 'adopter', 1, NULL, NULL, NULL, NULL, NULL, NULL, '2026-03-02 15:27:50', '2026-03-02 15:27:50');
INSERT INTO `user` VALUES (18, 'adopter10', 'e10adc3949ba59abbe56e057f20f883e', '领养人10', '13700000010', 'u10@example.com', NULL, 'adopter', 1, NULL, NULL, NULL, NULL, NULL, NULL, '2026-03-02 15:27:50', '2026-03-02 15:27:50');
INSERT INTO `user` VALUES (19, 'adopter11', 'e10adc3949ba59abbe56e057f20f883e', '领养人11', '13700000011', 'u11@example.com', NULL, 'adopter', 1, NULL, NULL, NULL, NULL, NULL, NULL, '2026-03-02 15:27:50', '2026-03-02 15:27:50');
INSERT INTO `user` VALUES (20, 'adopter12', 'e10adc3949ba59abbe56e057f20f883e', '领养人12', '13700000012', 'u12@example.com', NULL, 'adopter', 1, NULL, NULL, NULL, NULL, NULL, NULL, '2026-03-02 15:27:50', '2026-03-02 15:27:50');
INSERT INTO `user` VALUES (21, 'adopter13', 'e10adc3949ba59abbe56e057f20f883e', '领养人13', '13700000013', 'u13@example.com', NULL, 'adopter', 1, NULL, NULL, NULL, NULL, NULL, NULL, '2026-03-02 15:27:50', '2026-03-02 15:27:50');
INSERT INTO `user` VALUES (22, 'adopter14', 'e10adc3949ba59abbe56e057f20f883e', '领养人14', '13700000014', 'u14@example.com', NULL, 'adopter', 1, NULL, NULL, NULL, NULL, NULL, NULL, '2026-03-02 15:27:50', '2026-03-02 15:27:50');
INSERT INTO `user` VALUES (23, 'adopter15', 'e10adc3949ba59abbe56e057f20f883e', '领养人15', '13700000015', 'u15@example.com', NULL, 'adopter', 1, NULL, NULL, NULL, NULL, NULL, NULL, '2026-03-02 15:27:50', '2026-03-02 15:27:50');
INSERT INTO `user` VALUES (24, 'adopter16', 'e10adc3949ba59abbe56e057f20f883e', '领养人16', '13700000016', 'u16@example.com', NULL, 'adopter', 1, NULL, NULL, NULL, NULL, NULL, NULL, '2026-03-02 15:27:50', '2026-03-02 15:27:50');
INSERT INTO `user` VALUES (25, 'adopter17', 'e10adc3949ba59abbe56e057f20f883e', '领养人17', '13700000017', 'u17@example.com', NULL, 'adopter', 1, NULL, NULL, NULL, NULL, NULL, NULL, '2026-03-02 15:27:50', '2026-03-02 15:27:50');
INSERT INTO `user` VALUES (26, 'adopter18', 'e10adc3949ba59abbe56e057f20f883e', '领养人18', '13700000018', 'u18@example.com', NULL, 'adopter', 1, NULL, NULL, NULL, NULL, NULL, NULL, '2026-03-02 15:27:50', '2026-03-02 15:27:50');
INSERT INTO `user` VALUES (27, 'adopter19', 'e10adc3949ba59abbe56e057f20f883e', '领养人19', '13700000019', 'u19@example.com', NULL, 'adopter', 1, NULL, NULL, NULL, NULL, NULL, NULL, '2026-03-02 15:27:50', '2026-03-02 15:27:50');
INSERT INTO `user` VALUES (28, 'adopter20', 'e10adc3949ba59abbe56e057f20f883e', '领养人20', '13700000020', 'u20@example.com', NULL, 'adopter', 1, NULL, NULL, NULL, NULL, NULL, NULL, '2026-03-02 15:27:50', '2026-03-02 15:27:50');

-- ----------------------------
-- Table structure for user_behavior
-- ----------------------------
DROP TABLE IF EXISTS `user_behavior`;
CREATE TABLE `user_behavior`  (
  `id` bigint NOT NULL AUTO_INCREMENT COMMENT '主键ID',
  `user_id` bigint NOT NULL COMMENT '用户ID',
  `pet_id` bigint NOT NULL COMMENT '宠物ID',
  `behavior_type` varchar(64) CHARACTER SET utf8mb4 COLLATE utf8mb4_0900_ai_ci NOT NULL COMMENT '行为类型',
  `score` double NOT NULL COMMENT '行为得分',
  `create_time` datetime NULL DEFAULT CURRENT_TIMESTAMP COMMENT '创建时间',
  `update_time` datetime NULL DEFAULT NULL ON UPDATE CURRENT_TIMESTAMP COMMENT '更新时间',
  PRIMARY KEY (`id`) USING BTREE,
  INDEX `idx_user_id`(`user_id` ASC) USING BTREE,
  INDEX `idx_pet_id`(`pet_id` ASC) USING BTREE,
  INDEX `idx_user_pet_type`(`user_id` ASC, `pet_id` ASC, `behavior_type` ASC) USING BTREE,
  CONSTRAINT `user_behavior_ibfk_1` FOREIGN KEY (`user_id`) REFERENCES `user` (`id`) ON DELETE RESTRICT ON UPDATE RESTRICT,
  CONSTRAINT `user_behavior_ibfk_2` FOREIGN KEY (`pet_id`) REFERENCES `pet` (`id`) ON DELETE RESTRICT ON UPDATE RESTRICT
) ENGINE = InnoDB CHARACTER SET = utf8mb4 COLLATE = utf8mb4_0900_ai_ci COMMENT = '用户行为表（用于推荐/热度计算）' ROW_FORMAT = DYNAMIC;

-- ----------------------------
-- Records of user_behavior
-- ----------------------------

-- ----------------------------
-- Table structure for user_login_attempt
-- ----------------------------
DROP TABLE IF EXISTS `user_login_attempt`;
CREATE TABLE `user_login_attempt`  (
  `id` bigint NOT NULL AUTO_INCREMENT COMMENT '主键ID',
  `user_id` bigint NULL DEFAULT NULL COMMENT '用户ID',
  `username` varchar(50) CHARACTER SET utf8mb4 COLLATE utf8mb4_0900_ai_ci NOT NULL COMMENT '用户名',
  `ip_address` varchar(50) CHARACTER SET utf8mb4 COLLATE utf8mb4_0900_ai_ci NULL DEFAULT NULL COMMENT 'IP地址',
  `login_time` datetime NOT NULL COMMENT '登录时间',
  `success` tinyint(1) NOT NULL DEFAULT 0 COMMENT '是否成功：0-失败，1-成功',
  `fail_reason` varchar(255) CHARACTER SET utf8mb4 COLLATE utf8mb4_0900_ai_ci NULL DEFAULT NULL COMMENT '失败原因',
  `create_time` datetime NOT NULL DEFAULT CURRENT_TIMESTAMP COMMENT '创建时间',
  PRIMARY KEY (`id`) USING BTREE,
  INDEX `idx_user_id`(`user_id` ASC) USING BTREE,
  INDEX `idx_username`(`username` ASC) USING BTREE,
  INDEX `idx_login_time`(`login_time` ASC) USING BTREE,
  INDEX `idx_success_login_time`(`success` ASC, `login_time` DESC) USING BTREE,
  CONSTRAINT `user_login_attempt_ibfk_1` FOREIGN KEY (`user_id`) REFERENCES `user` (`id`) ON DELETE SET NULL ON UPDATE RESTRICT
) ENGINE = InnoDB AUTO_INCREMENT = 94 CHARACTER SET = utf8mb4 COLLATE = utf8mb4_0900_ai_ci COMMENT = '用户登录记录表' ROW_FORMAT = DYNAMIC;

-- ----------------------------
-- Records of user_login_attempt
-- ----------------------------
INSERT INTO `user_login_attempt` VALUES (81, 4, 'org01', '127.0.0.1', '2026-03-02 17:21:23', 1, '登录成功', '2026-03-02 17:21:23');
INSERT INTO `user_login_attempt` VALUES (89, 9, 'adopter01', '127.0.0.1', '2026-03-02 18:26:22', 1, '登录成功', '2026-03-02 18:26:21');
INSERT INTO `user_login_attempt` VALUES (92, 5, 'org02', '127.0.0.1', '2026-03-02 19:06:37', 1, '登录成功', '2026-03-02 19:06:36');
INSERT INTO `user_login_attempt` VALUES (94, 1, 'admin01', '127.0.0.1', '2026-03-02 19:44:10', 1, '登录成功', '2026-03-02 19:44:10');

-- ----------------------------
-- View structure for v_agreement_detail
-- ----------------------------
DROP VIEW IF EXISTS `v_agreement_detail`;
CREATE ALGORITHM = UNDEFINED SQL SECURITY DEFINER VIEW `v_agreement_detail` AS select `ag`.`id` AS `id`,`ag`.`agreement_number` AS `agreement_number`,`ag`.`pet_id` AS `pet_id`,`p`.`name` AS `pet_name`,`p`.`breed` AS `pet_breed`,`p`.`age` AS `pet_age`,`p`.`gender` AS `pet_gender`,`ag`.`adopter_id` AS `adopter_id`,`u_adopter`.`nickname` AS `adopter_name`,`u_adopter`.`phone` AS `adopter_phone`,`ag`.`adopter_id_card` AS `adopter_id_card`,`ag`.`adopter_address` AS `adopter_address`,`ag`.`organization_id` AS `organization_id`,`u_org`.`organization_name` AS `organization_name`,`u_org`.`phone` AS `organization_contact`,`u_org`.`organization_address` AS `organization_address`,`ag`.`adoption_fee` AS `adoption_fee`,`ag`.`agreement_content` AS `agreement_content`,`ag`.`status` AS `status`,`ag`.`sign_date` AS `sign_date`,`ag`.`effective_date` AS `effective_date`,`ag`.`expiry_date` AS `expiry_date`,`ag`.`adopter_signature` AS `adopter_signature`,`ag`.`organization_signature` AS `organization_signature`,`ag`.`admin_signature` AS `admin_signature`,`ag`.`create_time` AS `create_time`,`ag`.`update_time` AS `update_time`,(select count(0) from `tracking_plan` `tp` where (`tp`.`agreement_id` = `ag`.`id`)) AS `tracking_plan_count`,(select count(0) from `post_adoption_tracking` `pat` where (`pat`.`agreement_id` = `ag`.`id`)) AS `tracking_record_count` from (((`adoption_agreement` `ag` left join `pet` `p` on((`ag`.`pet_id` = `p`.`id`))) left join `user` `u_adopter` on((`ag`.`adopter_id` = `u_adopter`.`id`))) left join `user` `u_org` on((`ag`.`organization_id` = `u_org`.`id`)));

-- ----------------------------
-- View structure for v_application_detail
-- ----------------------------
DROP VIEW IF EXISTS `v_application_detail`;
CREATE ALGORITHM = UNDEFINED SQL SECURITY DEFINER VIEW `v_application_detail` AS select `aa`.`id` AS `id`,`aa`.`pet_id` AS `pet_id`,`p`.`name` AS `pet_name`,`p`.`images` AS `pet_images`,`pc`.`name` AS `pet_category`,`aa`.`applicant_id` AS `applicant_id`,`u`.`username` AS `applicant_username`,`u`.`nickname` AS `applicant_nickname`,`u`.`nickname` AS `applicant_name`,`u`.`phone` AS `applicant_phone`,`u`.`email` AS `applicant_email`,`aa`.`applicant_address` AS `applicant_address`,`aa`.`family_members` AS `family_members`,`aa`.`housing_type` AS `housing_type`,`aa`.`has_other_pets` AS `has_other_pets`,`aa`.`other_pets_info` AS `other_pets_info`,`aa`.`experience` AS `experience`,`aa`.`reason` AS `reason`,`aa`.`status` AS `status`,`aa`.`reviewer_id` AS `reviewer_id`,`aa`.`review_time` AS `review_time`,`aa`.`review_comment` AS `review_comment`,`aa`.`create_time` AS `create_time`,`aa`.`update_time` AS `update_time`,`p`.`publisher_id` AS `organization_id` from (((`adoption_application` `aa` left join `pet` `p` on((`aa`.`pet_id` = `p`.`id`))) left join `pet_category` `pc` on((`p`.`category_id` = `pc`.`id`))) left join `user` `u` on((`aa`.`applicant_id` = `u`.`id`)));

-- ----------------------------
-- View structure for v_forum_post_detail
-- ----------------------------
DROP VIEW IF EXISTS `v_forum_post_detail`;
CREATE ALGORITHM = UNDEFINED SQL SECURITY DEFINER VIEW `v_forum_post_detail` AS select `fp`.`id` AS `id`,`fp`.`title` AS `title`,`fp`.`content` AS `content`,`fp`.`author_id` AS `author_id`,`u`.`nickname` AS `author_name`,`u`.`avatar` AS `author_avatar`,`fp`.`images` AS `images`,`fp`.`pet_id` AS `pet_id`,`p`.`name` AS `pet_name`,(select count(0) from `forum_post_view_log` `v` where (`v`.`post_id` = `fp`.`id`)) AS `view_count`,(select count(0) from `forum_post_like` `fpl` where (`fpl`.`post_id` = `fp`.`id`)) AS `like_count`,(select count(0) from `forum_comment` `fc` where ((`fc`.`post_id` = `fp`.`id`) and (`fc`.`status` = 'published'))) AS `comment_count`,`fp`.`is_top` AS `is_top`,`fp`.`is_pinned` AS `is_pinned`,`fp`.`status` AS `status`,`fp`.`create_time` AS `create_time`,`fp`.`update_time` AS `update_time` from ((`forum_post` `fp` left join `user` `u` on((`fp`.`author_id` = `u`.`id`))) left join `pet` `p` on((`fp`.`pet_id` = `p`.`id`)));

-- ----------------------------
-- View structure for v_pet_detail
-- ----------------------------
DROP VIEW IF EXISTS `v_pet_detail`;
CREATE ALGORITHM = UNDEFINED SQL SECURITY DEFINER VIEW `v_pet_detail` AS select `p`.`id` AS `id`,`p`.`name` AS `name`,`p`.`category_id` AS `category_id`,`pc`.`name` AS `category_name`,`p`.`breed` AS `breed`,`p`.`age` AS `age`,`p`.`gender` AS `gender`,`p`.`color` AS `color`,`p`.`size` AS `size`,`p`.`weight` AS `weight`,`p`.`description` AS `description`,`p`.`health_status` AS `health_status`,`p`.`vaccination` AS `vaccination`,`p`.`sterilization` AS `sterilization`,`p`.`images` AS `images`,`p`.`location` AS `location`,`p`.`contact_info` AS `contact_info`,`p`.`adoption_fee` AS `adoption_fee`,`p`.`status` AS `status`,`p`.`publisher_id` AS `publisher_id`,`u`.`username` AS `publisher_username`,`u`.`nickname` AS `publisher_nickname`,`u`.`organization_name` AS `publisher_org_name`,`p`.`create_time` AS `create_time`,`p`.`update_time` AS `update_time`,(select count(0) from `favorite` `f` where (`f`.`pet_id` = `p`.`id`)) AS `favorite_count`,(select count(0) from `adoption_application` `aa` where ((`aa`.`pet_id` = `p`.`id`) and (`aa`.`status` = 'pending'))) AS `pending_applications` from ((`pet` `p` left join `pet_category` `pc` on((`p`.`category_id` = `pc`.`id`))) left join `user` `u` on((`p`.`publisher_id` = `u`.`id`)));

-- ----------------------------
-- View structure for v_pet_statistics
-- ----------------------------
DROP VIEW IF EXISTS `v_pet_statistics`;
CREATE ALGORITHM = UNDEFINED SQL SECURITY DEFINER VIEW `v_pet_statistics` AS select `p`.`id` AS `id`,`p`.`name` AS `name`,`p`.`status` AS `status`,(select count(0) from `favorite` `f` where (`f`.`pet_id` = `p`.`id`)) AS `favorite_count`,(select count(0) from `adoption_application` `aa` where ((`aa`.`pet_id` = `p`.`id`) and (`aa`.`status` in ('pending','approved')))) AS `apply_count`,(((coalesce((select count(0) from `user_behavior` `ub` where ((`ub`.`pet_id` = `p`.`id`) and (`ub`.`behavior_type` = 'VIEW'))),0) * 1.0) + ((select count(0) from `favorite` `f` where (`f`.`pet_id` = `p`.`id`)) * 5.0)) + ((select count(0) from `adoption_application` `aa` where ((`aa`.`pet_id` = `p`.`id`) and (`aa`.`status` in ('pending','approved')))) * 10.0)) AS `calculated_popularity` from `pet` `p`;

-- ----------------------------
-- View structure for v_pet_statistics_summary
-- ----------------------------
DROP VIEW IF EXISTS `v_pet_statistics_summary`;
CREATE ALGORITHM = UNDEFINED SQL SECURITY DEFINER VIEW `v_pet_statistics_summary` AS select 1 AS `id`,(select count(0) from `pet`) AS `total_pets`,(select count(0) from `pet` where (`pet`.`status` = 'available')) AS `available_pets`,(select count(0) from `pet` where (`pet`.`status` = 'adopted')) AS `adopted_pets`,(select count(0) from `pet` where (`pet`.`status` = 'pending')) AS `pending_pets`,now() AS `update_time`;

-- ----------------------------
-- View structure for v_user_statistics
-- ----------------------------
DROP VIEW IF EXISTS `v_user_statistics`;
CREATE ALGORITHM = UNDEFINED SQL SECURITY DEFINER VIEW `v_user_statistics` AS select `u`.`id` AS `id`,`u`.`username` AS `username`,`u`.`nickname` AS `nickname`,`u`.`role` AS `role`,60 AS `credit_score`,(select count(0) from `adoption_application` `aa` where ((`aa`.`applicant_id` = `u`.`id`) and (`aa`.`status` = 'approved'))) AS `success_adoption_count`,(select count(0) from `adoption_application` `aa` where (`aa`.`applicant_id` = `u`.`id`)) AS `total_application_count`,(select count(0) from `adoption_application` `aa` where ((`aa`.`applicant_id` = `u`.`id`) and (`aa`.`status` = 'cancelled'))) AS `cancel_application_count`,(select count(0) from `pet` where (`pet`.`publisher_id` = `u`.`id`)) AS `published_pets_count`,(select count(0) from `favorite` where (`favorite`.`user_id` = `u`.`id`)) AS `favorites_count`,(select count(0) from `message` where ((`message`.`receiver_id` = `u`.`id`) and (`message`.`is_read` = 0))) AS `unread_messages_count` from `user` `u`;

-- ----------------------------
-- Procedure structure for add_column_safe
-- ----------------------------
DROP PROCEDURE IF EXISTS `add_column_safe`;
delimiter ;;
CREATE PROCEDURE `add_column_safe`(IN p_table_name VARCHAR(64),
    IN p_column_name VARCHAR(64),
    IN p_column_definition TEXT)
BEGIN
    DECLARE column_exists INT DEFAULT 0;
    DECLARE CONTINUE HANDLER FOR SQLEXCEPTION
    BEGIN
        GET DIAGNOSTICS CONDITION 1
            @sqlstate = RETURNED_SQLSTATE,
            @errno = MYSQL_ERRNO,
            @text = MESSAGE_TEXT;
        -- 忽略字段已存在的错误
        IF @errno = 1060 THEN
            SELECT CONCAT('Column already exists (ignored): ', p_table_name, '.', p_column_name) AS message;
        ELSE
            RESIGNAL;
        END IF;
    END;
    
    SELECT COUNT(*) INTO column_exists
    FROM INFORMATION_SCHEMA.COLUMNS
    WHERE TABLE_SCHEMA = DATABASE()
    AND TABLE_NAME = p_table_name
    AND COLUMN_NAME = p_column_name;
    
    IF column_exists = 0 THEN
        SET @sql = CONCAT('ALTER TABLE `', p_table_name, '` ADD COLUMN `', p_column_name, '` ', p_column_definition);
        PREPARE stmt FROM @sql;
        EXECUTE stmt;
        DEALLOCATE PREPARE stmt;
        SELECT CONCAT('Added column: ', p_table_name, '.', p_column_name) AS message;
    ELSE
        SELECT CONCAT('Column already exists: ', p_table_name, '.', p_column_name) AS message;
    END IF;
END
;;
delimiter ;

-- ----------------------------
-- Procedure structure for add_index_safe
-- ----------------------------
DROP PROCEDURE IF EXISTS `add_index_safe`;
delimiter ;;
CREATE PROCEDURE `add_index_safe`(IN p_table_name VARCHAR(64),
    IN p_index_name VARCHAR(64),
    IN p_index_columns TEXT,
    IN p_is_unique BOOLEAN)
BEGIN
    DECLARE index_exists INT DEFAULT 0;
    DECLARE CONTINUE HANDLER FOR SQLEXCEPTION
    BEGIN
        GET DIAGNOSTICS CONDITION 1
            @sqlstate = RETURNED_SQLSTATE,
            @errno = MYSQL_ERRNO,
            @text = MESSAGE_TEXT;
        -- 忽略索引已存在的错误
        IF @errno IN (1061, 1062) THEN
            SELECT CONCAT('Index already exists (ignored): ', p_table_name, '.', p_index_name) AS message;
        ELSE
            RESIGNAL;
        END IF;
    END;
    
    SELECT COUNT(*) INTO index_exists
    FROM INFORMATION_SCHEMA.STATISTICS
    WHERE TABLE_SCHEMA = DATABASE()
    AND TABLE_NAME = p_table_name
    AND INDEX_NAME = p_index_name;
    
    IF index_exists = 0 THEN
        IF p_is_unique THEN
            SET @sql = CONCAT('ALTER TABLE `', p_table_name, '` ADD UNIQUE INDEX `', p_index_name, '` (', p_index_columns, ')');
        ELSE
            SET @sql = CONCAT('ALTER TABLE `', p_table_name, '` ADD INDEX `', p_index_name, '` (', p_index_columns, ')');
        END IF;
        PREPARE stmt FROM @sql;
        EXECUTE stmt;
        DEALLOCATE PREPARE stmt;
        SELECT CONCAT('Added index: ', p_table_name, '.', p_index_name) AS message;
    ELSE
        SELECT CONCAT('Index already exists: ', p_table_name, '.', p_index_name) AS message;
    END IF;
END
;;
delimiter ;

-- ----------------------------
-- Procedure structure for sp_add_column_safe
-- ----------------------------
DROP PROCEDURE IF EXISTS `sp_add_column_safe`;
delimiter ;;
CREATE PROCEDURE `sp_add_column_safe`(IN p_table VARCHAR(64),
    IN p_column VARCHAR(64),
    IN p_definition TEXT)
BEGIN
    DECLARE v_table_exists INT DEFAULT 0;
    DECLARE v_column_exists INT DEFAULT 0;
    
    SELECT COUNT(*) INTO v_table_exists
    FROM INFORMATION_SCHEMA.TABLES
    WHERE TABLE_SCHEMA = DATABASE()
    AND TABLE_NAME = p_table;
    
    IF v_table_exists = 0 THEN
        SELECT CONCAT('表不存在: ', p_table) AS message;
    ELSE
        SELECT COUNT(*) INTO v_column_exists
        FROM INFORMATION_SCHEMA.COLUMNS
        WHERE TABLE_SCHEMA = DATABASE()
        AND TABLE_NAME = p_table
        AND COLUMN_NAME = p_column;
        
        IF v_column_exists > 0 THEN
            SELECT CONCAT('字段已存在: ', p_table, '.', p_column) AS message;
        ELSE
            SET @sql = CONCAT('ALTER TABLE `', p_table, '` ADD COLUMN `', p_column, '` ', p_definition);
            PREPARE stmt FROM @sql;
            EXECUTE stmt;
            DEALLOCATE PREPARE stmt;
            SELECT CONCAT('✓ 已添加字段: ', p_table, '.', p_column) AS message;
        END IF;
    END IF;
END
;;
delimiter ;

-- ----------------------------
-- Procedure structure for sp_add_index_safe
-- ----------------------------
DROP PROCEDURE IF EXISTS `sp_add_index_safe`;
delimiter ;;
CREATE PROCEDURE `sp_add_index_safe`(IN p_table VARCHAR(64),
    IN p_index VARCHAR(64),
    IN p_columns TEXT,
    IN p_unique BOOLEAN)
BEGIN
    DECLARE v_table_exists INT DEFAULT 0;
    DECLARE v_index_exists INT DEFAULT 0;
    
    SELECT COUNT(*) INTO v_table_exists
    FROM INFORMATION_SCHEMA.TABLES
    WHERE TABLE_SCHEMA = DATABASE()
    AND TABLE_NAME = p_table;
    
    IF v_table_exists = 0 THEN
        SELECT CONCAT('表不存在: ', p_table) AS message;
    ELSE
        SELECT COUNT(*) INTO v_index_exists
        FROM INFORMATION_SCHEMA.STATISTICS
        WHERE TABLE_SCHEMA = DATABASE()
        AND TABLE_NAME = p_table
        AND INDEX_NAME = p_index;
        
        IF v_index_exists > 0 THEN
            SELECT CONCAT('索引已存在: ', p_table, '.', p_index) AS message;
        ELSE
            IF p_unique THEN
                SET @sql = CONCAT('CREATE UNIQUE INDEX `', p_index, '` ON `', p_table, '` (', p_columns, ')');
            ELSE
                SET @sql = CONCAT('CREATE INDEX `', p_index, '` ON `', p_table, '` (', p_columns, ')');
            END IF;
            PREPARE stmt FROM @sql;
            EXECUTE stmt;
            DEALLOCATE PREPARE stmt;
            SELECT CONCAT('✓ 已添加索引: ', p_table, '.', p_index) AS message;
        END IF;
    END IF;
END
;;
delimiter ;

-- ----------------------------
-- Triggers structure for table adoption_application
-- ----------------------------
DROP TRIGGER IF EXISTS `check_duplicate_application`;
delimiter ;;
CREATE TRIGGER `check_duplicate_application` BEFORE INSERT ON `adoption_application` FOR EACH ROW BEGIN
    DECLARE existing_count INT DEFAULT 0;
    
    -- 检查是否已存在pending或approved状态的申请
    SELECT COUNT(*) INTO existing_count
    FROM `adoption_application`
    WHERE `pet_id` = NEW.`pet_id` 
      AND `applicant_id` = NEW.`applicant_id`
      AND `status` IN ('pending', 'approved')
      AND `id` != COALESCE(NEW.`id`, 0);  -- 排除当前记录（如果是更新操作）
    
    IF existing_count > 0 THEN
        SIGNAL SQLSTATE '45000' 
        SET MESSAGE_TEXT = '您已经申请过该宠物，请勿重复申请';
    END IF;
END
;;
delimiter ;

SET FOREIGN_KEY_CHECKS = 1;
